Workbook
Name ListaProductosNuevos: 'Inventario ACTUAL (nuevo)'!$H$2:$H$90

Sheet LÉAME
A1: Qué es este archivo
B2: Lista de los 121 productos del inventario ANTERIOR de Motos (el que se borró el 30/09/2026, ya respaldado) para emparejarlos a mano con los 89 productos del inventario NUEVO actual.
A4: Hoja EMPAREJAR (la principal)
B5: Están los 121 productos anteriores, todos por igual, sin excepción. Primero va el producto ANTERIOR (columnas A-B, el que no tenía código de barras), y luego la sugerencia del producto NUEVO que sí tiene código (columnas C-E).
B6: Columnas C y D ("Producto nuevo sugerido" / "Código nuevo sugerido") se llenan solas con fórmula: si el nombre coincide EXACTO con uno del inventario nuevo, usa ese; si el parecido por texto supera el 70%, usa esa sugerencia; si no llega a ese nivel de confianza, quedan en blanco a propósito — es mejor no sugerir nada que sugerir algo probablemente equivocado. Columna E muestra el % de parecido como referencia, incluso cuando no hubo sugerencia (100% = coincidencia exacta).
B7: Columna F, "Código nuevo CONFIRMADO": ahí se elige, por cada fila, cuál es el producto del inventario NUEVO que realmente corresponde a ese producto anterior. Al hacer clic en la celda aparece una flechita con los 89 productos nuevos completos ("producto — código") para elegir buscando por nombre, sin tener que escribir el código a mano ni arriesgarse a poner uno que no exista.
B8: Columnas G y H ("Entradas histórico" / "Salidas histórico") son fórmulas SUMIFS que recalculan el total de entradas y salidas de cada producto a partir de la hoja "Movimientos ANTERIOR (detalle)", como control cruzado contra la columna I ("Stock al respaldo").
A10: Hoja "Movimientos ANTERIOR (detalle)"
B11: El histórico completo: cada entrada y cada salida del inventario anterior, una por fila, con fecha, cantidad, proveedor/N° de factura (en las entradas) o a quién se entregó/propósito (en las salidas), quién la registró, y el saldo que iba quedando después de cada movimiento. Use el filtro de la columna "Código" o "Producto" para ver el detalle de uno en particular. Entradas en verde, salidas en azul.
A13: Qué significa el color de las columnas C-E
B14: Verde: el nombre coincide exacto con uno del inventario nuevo (alta confianza).
B15: Amarillo: parecido muy alto (80% o más) — probablemente es, pero conviene confirmar.
B16: Naranja: parecido más moderado (71%-79%, el mínimo que se dejó en esta lista) — revisar con más cuidado, puede no ser el correcto.
A18: Filas con borde grueso
B19: Son los 4 productos de la última factura que quedó mal ingresada antes de borrar el inventario (N° 371, proveedor Colón Moto, 22/09/2026) — revisar esas con más cuidado.
A21: Otras hojas
B22: "Inventario ANTERIOR (borrado)": el listado completo tal como estaba antes de borrarlo, con sus códigos y cantidades de ese momento.
B23: "Inventario ACTUAL (nuevo)": el listado del inventario nuevo tal como está hoy en el sistema.

Sheet EMPAREJAR
A1: Código anterior | B1: Producto anterior (sin código de barras) | C1: Producto nuevo sugerido | D1: Código nuevo sugerido | E1: % de parecido (referencia) | F1: Código nuevo CONFIRMADO (clic y elegir de la lista) | G1: Entradas histórico (fórmula) | H1: Salidas histórico (fórmula) | I1: Stock al respaldo | J1: ¿De la última factura mal ingresada? | K1: Observaciones
A2: ='Inventario ANTERIOR (borrado)'!A2 | B2: ='Inventario ANTERIOR (borrado)'!B2 | C2: =IFERROR(INDEX('Inventario ACTUAL (nuevo)'!$B:$B,MATCH(B2,'Inventario ACTUAL (nuevo)'!$B:$B,0)),"") | D2: =IFERROR(INDEX('Inventario ACTUAL (nuevo)'!$A:$A,MATCH(B2,'Inventario ACTUAL (nuevo)'!$B:$B,0)),"") | E2: 40 | G2: =SUMIFS('Movimientos ANTERIOR (detalle)'!$E:$E,'Movimientos ANTERIOR (detalle)'!$A:$A,A2,'Movimientos ANTERIOR (detalle)'!$D:$D,"Entrada") | H2: =SUMIFS('Movimientos ANTERIOR (detalle)'!$E:$E,'Movimientos ANTERIOR (detalle)'!$A:$A,A2,'Movimientos ANTERIOR (detalle)'!$D:$D,"Salida") | I2: ='Inventario ANTERIOR (borrado)'!G2
A3: ='Inventario ANTERIOR (borrado)'!A3 | B3: ='Inventario ANTERIOR (borrado)'!B3 | C3: =IFERROR(INDEX('Inventario ACTUAL (nuevo)'!$B:$B,MATCH(B3,'Inventario ACTUAL (nuevo)'!$B:$B,0)),"") | D3: =IFERROR(INDEX('Inventario ACTUAL (nuevo)'!$A:$A,MATCH(B3,'Inventario ACTUAL (nuevo)'!$B:$B,0)),"") | E3: 62 | G3: =SUMIFS('Movimientos ANTERIOR (detalle)'!$E:$E,'Movimientos ANTERIOR (detalle)'!$A:$A,A3,'Movimientos ANTERIOR (detalle)'!$D:$D,"Entrada") | H3: =SUMIFS('Movimientos ANTERIOR (detalle)'!$E:$E,'Movimientos ANTERIOR (detalle)'!$A:$A,A3,'Movimientos ANTERIOR (detalle)'!$D:$D,"Salida") | I3: ='Inventario ANTERIOR (borrado)'!G3
A4: ='Inventario ANTERIOR (borrado)'!A4 | B4: ='Inventario ANTERIOR (borrado)'!B4 | C4: =IFERROR(INDEX('Inventario ACTUAL (nuevo)'!$B:$B,MATCH(B4,'Inventario ACTUAL (nuevo)'!$B:$B,0)),"") | D4: =IFERROR(INDEX('Inventario ACTUAL (nuevo)'!$A:$A,MATCH(B4,'Inventario ACTUAL (nuevo)'!$B:$B,0)),"") | E4: 69 | G4: =SUMIFS('Movimientos ANTERIOR (detalle)'!$E:$E,'Movimientos ANTERIOR (detalle)'!$A:$A,A4,'Movimientos ANTERIOR (detalle)'!$D:$D,"Entrada") | H4: =SUMIFS('Movimientos ANTERIOR (detalle)'!$E:$E,'Movimientos ANTERIOR (detalle)'!$A:$A,A4,'Movimientos ANTERIOR (detalle)'!$D:$D,"Salida") | I4: ='Inventario ANTERIOR (borrado)'!G4
A5: ='Inventario ANTERIOR (borrado)'!A5 | B5: ='Inventario ANTERIOR (borrado)'!B5 | C5: =IFERROR(INDEX('Inventario ACTUAL (nuevo)'!$B:$B,MATCH(B5,'Inventario ACTUAL (nuevo)'!$B:$B,0)),"Eje DELANTERO") | D5: =IFERROR(INDEX('Inventario ACTUAL (nuevo)'!$A:$A,MATCH(B5,'Inventario ACTUAL (nuevo)'!$B:$B,0)),"INTMUWUAG0EKQ") | E5: 77 | G5: =SUMIFS('Movimientos ANTERIOR (detalle)'!$E:$E,'Movimientos ANTERIOR (detalle)'!$A:$A,A5,'Movimientos ANTERIOR (detalle)'!$D:$D,"Entrada") | H5: =SUMIFS('Movimientos ANTERIOR (detalle)'!$E:$E,'Movimientos ANTERIOR (detalle)'!$A:$A,A5,'Movimientos ANTERIOR (detalle)'!$D:$D,"Salida") | I5: ='Inventario ANTERIOR (borrado)'!G5
A6: ='Inventario ANTERIOR (borrado)'!A6 | B6: ='Inventario ANTERIOR (borrado)'!B6 | C6: =IFERROR(INDEX('Inventario ACTUAL (nuevo)'!$B:$B,MATCH(B6,'Inventario ACTUAL (nuevo)'!$B:$B,0)),"") | D6: =IFERROR(INDEX('Inventario ACTUAL (nuevo)'!$A:$A,MATCH(B6,'Inventario ACTUAL (nuevo)'!$B:$B,0)),"") | E6: 45 | G6: =SUMIFS('Movimientos ANTERIOR (detalle)'!$E:$E,'Movimientos ANTERIOR (detalle)'!$A:$A,A6,'Movimientos ANTERIOR (detalle)'!$D:$D,"Entrada") | H6: =SUMIFS('Movimientos ANTERIOR (detalle)'!$E:$E,'Movimientos ANTERIOR (detalle)'!$A:$A,A6,'Movimientos ANTERIOR (detalle)'!$D:$D,"Salida") | I6: ='Inventario ANTERIOR (borrado)'!G6
A7: ='Inventario ANTERIOR (borrado)'!A7 | B7: ='Inventario ANTERIOR (borrado)'!B7 | C7: =IFERROR(INDEX('Inventario ACTUAL (nuevo)'!$B:$B,MATCH(B7,'Inventario ACTUAL (nuevo)'!$B:$B,0)),"PISADERO TRASERA") | D7: =IFERROR(INDEX('Inventario ACTUAL (nuevo)'!$A:$A,MATCH(B7,'Inventario ACTUAL (nuevo)'!$B:$B,0)),"INTMUR85SOCQ4") | E7: 74 | G7: =SUMIFS('Movimientos ANTERIOR (detalle)'!$E:$E,'Movimientos ANTERIOR (detalle)'!$A:$A,A7,'Movimientos ANTERIOR (detalle)'!$D:$D,"Entrada") | H7: =SUMIFS('Movimientos ANTERIOR (detalle)'!$E:$E,'Movimientos ANTERIOR (detalle)'!$A:$A,A7,'Movimientos ANTERIOR (detalle)'!$D:$D,"Salida") | I7: ='Inventario ANTERIOR (borrado)'!G7
A8: ='Inventario ANTERIOR (borrado)'!A8 | B8: ='Inventario ANTERIOR (borrado)'!B8 | C8: =IFERROR(INDEX('Inventario ACTUAL (nuevo)'!$B:$B,MATCH(B8,'Inventario ACTUAL (nuevo)'!$B:$B,0)),"") | D8: =IFERROR(INDEX('Inventario ACTUAL (nuevo)'!$A:$A,MATCH(B8,'Inventario ACTUAL (nuevo)'!$B:$B,0)),"") | E8: 54 | G8: =SUMIFS('Movimientos ANTERIOR (detalle)'!$E:$E,'Movimientos ANTERIOR (detalle)'!$A:$A,A8,'Movimientos ANTERIOR (detalle)'!$D:$D,"Entrada") | H8: =SUMIFS('Movimientos ANTERIOR (detalle)'!$E:$E,'Movimientos ANTERIOR (detalle)'!$A:$A,A8,'Movimientos ANTERIOR (detalle)'!$D:$D,"Salida") | I8: ='Inventario ANTERIOR (borrado)'!G8
A9: ='Inventario ANTERIOR (borrado)'!A9 | B9: ='Inventario ANTERIOR (borrado)'!B9 | C9: =IFERROR(INDEX('Inventario ACTUAL (nuevo)'!$B:$B,MATCH(B9,'Inventario ACTUAL (nuevo)'!$B:$B,0)),"BARA TELESCÓPICA") | D9: =IFERROR(INDEX('Inventario ACTUAL (nuevo)'!$A:$A,MATCH(B9,'Inventario ACTUAL (nuevo)'!$B:$B,0)),"INTMUR838GUDV") | E9: 73 | G9: =SUMIFS('Movimientos ANTERIOR (detalle)'!$E:$E,'Movimientos ANTERIOR (detalle)'!$A:$A,A9,'Movimientos ANTERIOR (detalle)'!$D:$D,"Entrada") | H9: =SUMIFS('Movimientos ANTERIOR (detalle)'!$E:$E,'Movimientos ANTERIOR (detalle)'!$A:$A,A9,'Movimientos ANTERIOR (detalle)'!$D:$D,"Salida") | I9: ='Inventario ANTERIOR (borrado)'!G9
A10: ='Inventario ANTERIOR (borrado)'!A10 | B10: ='Inventario ANTERIOR (borrado)'!B10 | C10: =IFERROR(INDEX('Inventario ACTUAL (nuevo)'!$B:$B,MATCH(B10,'Inventario ACTUAL (nuevo)'!$B:$B,0)),"BATERIA") | D10: =IFERROR(INDEX('Inventario ACTUAL (nuevo)'!$A:$A,MATCH(B10,'Inventario ACTUAL (nuevo)'!$B:$B,0)),"INTMUR7METY7D") | E10: 100 | G10: =SUMIFS('Movimientos ANTERIOR (detalle)'!$E:$E,'Movimientos ANTERIOR (detalle)'!$A:$A,A10,'Movimientos ANTERIOR (detalle)'!$D:$D,"Entrada") | H10: =SUMIFS('Movimientos ANTERIOR (detalle)'!$E:$E,'Movimientos ANTERIOR (detalle)'!$A:$A,A10,'Movimientos ANTERIOR (detalle)'!$D:$D,"Salida") | I10: ='Inventario ANTERIOR (borrado)'!G10
A11: ='Inventario ANTERIOR (borrado)'!A11 | B11: ='Inventario ANTERIOR (borrado)'!B11 | C11: =IFERROR(INDEX('Inventario ACTUAL (nuevo)'!$B:$B,MATCH(B11,'Inventario ACTUAL (nuevo)'!$B:$B,0)),"BENDIX") | D11: =IFERROR(INDEX('Inventario ACTUAL (nuevo)'!$A:$A,MATCH(B11,'Inventario ACTUAL (nuevo)'!$B:$B,0)),"INTMUR6CGIKOQ") | E11: 100 | G11: =SUMIFS('Movimientos ANTERIOR (detalle)'!$E:$E,'Movimientos ANTERIOR (detalle)'!$A:$A,A11,'Movimientos ANTERIOR (detalle)'!$D:$D,"Entrada") | H11: =SUMIFS('Movimientos ANTERIOR (detalle)'!$E:$E,'Movimientos ANTERIOR (detalle)'!$A:$A,A11,'Movimientos ANTERIOR (detalle)'!$D:$D,"Salida") | I11: ='Inventario ANTERIOR (borrado)'!G11
A12: ='Inventario ANTERIOR (borrado)'!A12 | B12: ='Inventario ANTERIOR (borrado)'!B12 | C12: =IFERROR(INDEX('Inventario ACTUAL (nuevo)'!$B:$B,MATCH(B12,'Inventario ACTUAL (nuevo)'!$B:$B,0)),"") | D12: =IFERROR(INDEX('Inventario ACTUAL (nuevo)'!$A:$A,MATCH(B12,'Inventario ACTUAL (nuevo)'!$B:$B,0)),"") | E12: 58 | G12: =SUMIFS('Movimientos ANTERIOR (detalle)'!$E:$E,'Movimientos ANTERIOR (detalle)'!$A:$A,A12,'Movimientos ANTERIOR (detalle)'!$D:$D,"Entrada") | H12: =SUMIFS('Movimientos ANTERIOR (detalle)'!$E:$E,'Movimientos ANTERIOR (detalle)'!$A:$A,A12,'Movimientos ANTERIOR (detalle)'!$D:$D,"Salida") | I12: ='Inventario ANTERIOR (borrado)'!G12
A13: ='Inventario ANTERIOR (borrado)'!A13 | B13: ='Inventario ANTERIOR (borrado)'!B13 | C13: =IFERROR(INDEX('Inventario ACTUAL (nuevo)'!$B:$B,MATCH(B13,'Inventario ACTUAL (nuevo)'!$B:$B,0)),"BOBINA BUJIA") | D13: =IFERROR(INDEX('Inventario ACTUAL (nuevo)'!$A:$A,MATCH(B13,'Inventario ACTUAL (nuevo)'!$B:$B,0)),"INTMUR6ET2S6X") | E13: 89 | G13: =SUMIFS('Movimientos ANTERIOR (detalle)'!$E:$E,'Movimientos ANTERIOR (detalle)'!$A:$A,A13,'Movimientos ANTERIOR (detalle)'!$D:$D,"Entrada") | H13: =SUMIFS('Movimientos ANTERIOR (detalle)'!$E:$E,'Movimientos ANTERIOR (detalle)'!$A:$A,A13,'Movimientos ANTERIOR (detalle)'!$D:$D,"Salida") | I13: ='Inventario ANTERIOR (borrado)'!G13
A14: ='Inventario ANTERIOR (borrado)'!A14 | B14: ='Inventario ANTERIOR (borrado)'!B14 | C14: =IFERROR(INDEX('Inventario ACTUAL (nuevo)'!$B:$B,MATCH(B14,'Inventario ACTUAL (nuevo)'!$B:$B,0)),"BOBINA DE CAMPO") | D14: =IFERROR(INDEX('Inventario ACTUAL (nuevo)'!$A:$A,MATCH(B14,'Inventario ACTUAL (nuevo)'!$B:$B,0)),"INTMUR75GL041") | E14: 100 | G14: =SUMIFS('Movimientos ANTERIOR (detalle)'!$E:$E,'Movimientos ANTERIOR (detalle)'!$A:$A,A14,'Movimientos ANTERIOR (detalle)'!$D:$D,"Entrada") | H14: =SUMIFS('Movimientos ANTERIOR (detalle)'!$E:$E,'Movimientos ANTERIOR (detalle)'!$A:$A,A14,'Movimientos ANTERIOR (detalle)'!$D:$D,"Salida") | I14: ='Inventario ANTERIOR (borrado)'!G14
A15: ='Inventario ANTERIOR (borrado)'!A15 | B15: ='Inventario ANTERIOR (borrado)'!B15 | C15: =IFERROR(INDEX('Inventario ACTUAL (nuevo)'!$B:$B,MATCH(B15,'Inventario ACTUAL (nuevo)'!$B:$B,0)),"") | D15: =IFERROR(INDEX('Inventario ACTUAL (nuevo)'!$A:$A,MATCH(B15,'Inventario ACTUAL (nuevo)'!$B:$B,0)),"") | E15: 59 | G15: =SUMIFS('Movimientos ANTERIOR (detalle)'!$E:$E,'Movimientos ANTERIOR (detalle)'!$A:$A,A15,'Movimientos ANTERIOR (detalle)'!$D:$D,"Entrada") | H15: =SUMIFS('Movimientos ANTERIOR (detalle)'!$E:$E,'Movimientos ANTERIOR (detalle)'!$A:$A,A15,'Movimientos ANTERIOR (detalle)'!$D:$D,"Salida") | I15: ='Inventario ANTERIOR (borrado)'!G15
A16: ='Inventario ANTERIOR (borrado)'!A16 | B16: ='Inventario ANTERIOR (borrado)'!B16 | C16: =IFERROR(INDEX('Inventario ACTUAL (nuevo)'!$B:$B,MATCH(B16,'Inventario ACTUAL (nuevo)'!$B:$B,0)),"") | D16: =IFERROR(INDEX('Inventario ACTUAL (nuevo)'!$A:$A,MATCH(B16,'Inventario ACTUAL (nuevo)'!$B:$B,0)),"") | E16: 59 | G16: =SUMIFS('Movimientos ANTERIOR (detalle)'!$E:$E,'Movimientos ANTERIOR (detalle)'!$A:$A,A16,'Movimientos ANTERIOR (detalle)'!$D:$D,"Entrada") | H16: =SUMIFS('Movimientos ANTERIOR (detalle)'!$E:$E,'Movimientos ANTERIOR (detalle)'!$A:$A,A16,'Movimientos ANTERIOR (detalle)'!$D:$D,"Salida") | I16: ='Inventario ANTERIOR (borrado)'!G16
A17: ='Inventario ANTERIOR (borrado)'!A17 | B17: ='Inventario ANTERIOR (borrado)'!B17 | C17: =IFERROR(INDEX('Inventario ACTUAL (nuevo)'!$B:$B,MATCH(B17,'Inventario ACTUAL (nuevo)'!$B:$B,0)),"DISCO DE FRENO DELANTERO") | D17: =IFERROR(INDEX('Inventario ACTUAL (nuevo)'!$A:$A,MATCH(B17,'Inventario ACTUAL (nuevo)'!$B:$B,0)),"INTMUR7VI1W4M") | E17: 83 | G17: =SUMIFS('Movimientos ANTERIOR (detalle)'!$E:$E,'Movimientos ANTERIOR (detalle)'!$A:$A,A17,'Movimientos ANTERIOR (detalle)'!$D:$D,"Entrada") | H17: =SUMIFS('Movimientos ANTERIOR (detalle)'!$E:$E,'Movimientos ANTERIOR (detalle)'!$A:$A,A17,'Movimientos ANTERIOR (detalle)'!$D:$D,"Salida") | I17: ='Inventario ANTERIOR (borrado)'!G17
A18: ='Inventario ANTERIOR (borrado)'!A18 | B18: ='Inventario ANTERIOR (borrado)'!B18 | C18: =IFERROR(INDEX('Inventario ACTUAL (nuevo)'!$B:$B,MATCH(B18,'Inventario ACTUAL (nuevo)'!$B:$B,0)),"") | D18: =IFERROR(INDEX('Inventario ACTUAL (nuevo)'!$A:$A,MATCH(B18,'Inventario ACTUAL (nuevo)'!$B:$B,0)),"") | E18: 48 | G18: =SUMIFS('Movimientos ANTERIOR (detalle)'!$E:$E,'Movimientos ANTERIOR (detalle)'!$A:$A,A18,'Movimientos ANTERIOR (detalle)'!$D:$D,"Entrada") | H18: =SUMIFS('Movimientos ANTERIOR (detalle)'!$E:$E,'Movimientos ANTERIOR (detalle)'!$A:$A,A18,'Movimientos ANTERIOR (detalle)'!$D:$D,"Salida") | I18: ='Inventario ANTERIOR (borrado)'!G18
A19: ='Inventario ANTERIOR (borrado)'!A19 | B19: ='Inventario ANTERIOR (borrado)'!B19 | C19: =IFERROR(INDEX('Inventario ACTUAL (nuevo)'!$B:$B,MATCH(B19,'Inventario ACTUAL (nuevo)'!$B:$B,0)),"") | D19: =IFERROR(INDEX('Inventario ACTUAL (nuevo)'!$A:$A,MATCH(B19,'Inventario ACTUAL (nuevo)'!$B:$B,0)),"") | E19: 50 | G19: =SUMIFS('Movimientos ANTERIOR (detalle)'!$E:$E,'Movimientos ANTERIOR (detalle)'!$A:$A,A19,'Movimientos ANTERIOR (detalle)'!$D:$D,"Entrada") | H19: =SUMIFS('Movimientos ANTERIOR (detalle)'!$E:$E,'Movimientos ANTERIOR (detalle)'!$A:$A,A19,'Movimientos ANTERIOR (detalle)'!$D:$D,"Salida") | I19: ='Inventario ANTERIOR (borrado)'!G19
A20: ='Inventario ANTERIOR (borrado)'!A20 | B20: ='Inventario ANTERIOR (borrado)'!B20 | C20: =IFERROR(INDEX('Inventario ACTUAL (nuevo)'!$B:$B,MATCH(B20,'Inventario ACTUAL (nuevo)'!$B:$B,0)),"") | D20: =IFERROR(INDEX('Inventario ACTUAL (nuevo)'!$A:$A,MATCH(B20,'Inventario ACTUAL (nuevo)'!$B:$B,0)),"") | E20: 48 | G20: =SUMIFS('Movimientos ANTERIOR (detalle)'!$E:$E,'Movimientos ANTERIOR (detalle)'!$A:$A,A20,'Movimientos ANTERIOR (detalle)'!$D:$D,"Entrada") | H20: =SUMIFS('Movimientos ANTERIOR (detalle)'!$E:$E,'Movimientos ANTERIOR (detalle)'!$A:$A,A20,'Movimientos ANTERIOR (detalle)'!$D:$D,"Salida") | I20: ='Inventario ANTERIOR (borrado)'!G20
A21: ='Inventario ANTERIOR (borrado)'!A21 | B21: ='Inventario ANTERIOR (borrado)'!B21 | C21: =IFERROR(INDEX('Inventario ACTUAL (nuevo)'!$B:$B,MATCH(B21,'Inventario ACTUAL (nuevo)'!$B:$B,0)),"BUJIA") | D21: =IFERROR(INDEX('Inventario ACTUAL (nuevo)'!$A:$A,MATCH(B21,'Inventario ACTUAL (nuevo)'!$B:$B,0)),"INTMUR7P7ZXKT") | E21: 91 | G21: =SUMIFS('Movimientos ANTERIOR (detalle)'!$E:$E,'Movimientos ANTERIOR (detalle)'!$A:$A,A21,'Movimientos ANTERIOR (detalle)'!$D:$D,"Entrada") | H21: =SUMIFS('Movimientos ANTERIOR (detalle)'!$E:$E,'Movimientos ANTERIOR (detalle)'!$A:$A,A21,'Movimientos ANTERIOR (detalle)'!$D:$D,"Salida") | I21: ='Inventario ANTERIOR (borrado)'!G21
A22: ='Inventario ANTERIOR (borrado)'!A22 | B22: ='Inventario ANTERIOR (borrado)'!B22 | C22: =IFERROR(INDEX('Inventario ACTUAL (nuevo)'!$B:$B,MATCH(B22,'Inventario ACTUAL (nuevo)'!$B:$B,0)),"") | D22: =IFERROR(INDEX('Inventario ACTUAL (nuevo)'!$A:$A,MATCH(B22,'Inventario ACTUAL (nuevo)'!$B:$B,0)),"") | E22: 52 | G22: =SUMIFS('Movimientos ANTERIOR (detalle)'!$E:$E,'Movimientos ANTERIOR (detalle)'!$A:$A,A22,'Movimientos ANTERIOR (detalle)'!$D:$D,"Entrada") | H22: =SUMIFS('Movimientos ANTERIOR (detalle)'!$E:$E,'Movimientos ANTERIOR (detalle)'!$A:$A,A22,'Movimientos ANTERIOR (detalle)'!$D:$D,"Salida") | I22: ='Inventario ANTERIOR (borrado)'!G22
A23: ='Inventario ANTERIOR (borrado)'!A23 | B23: ='Inventario ANTERIOR (borrado)'!B23 | C23: =IFERROR(INDEX('Inventario ACTUAL (nuevo)'!$B:$B,MATCH(B23,'Inventario ACTUAL (nuevo)'!$B:$B,0)),"CABLE DE EMBRAGUE") | D23: =IFERROR(INDEX('Inventario ACTUAL (nuevo)'!$A:$A,MATCH(B23,'Inventario ACTUAL (nuevo)'!$B:$B,0)),"INTMUR83JIS0S") | E23: 100 | G23: =SUMIFS('Movimientos ANTERIOR (detalle)'!$E:$E,'Movimientos ANTERIOR (detalle)'!$A:$A,A23,'Movimientos ANTERIOR (detalle)'!$D:$D,"Entrada") | H23: =SUMIFS('Movimientos ANTERIOR (detalle)'!$E:$E,'Movimientos ANTERIOR (detalle)'!$A:$A,A23,'Movimientos ANTERIOR (detalle)'!$D:$D,"Salida") | I23: ='Inventario ANTERIOR (borrado)'!G23
A24: ='Inventario ANTERIOR (borrado)'!A24 | B24: ='Inventario ANTERIOR (borrado)'!B24 | C24: =IFERROR(INDEX('Inventario ACTUAL (nuevo)'!$B:$B,MATCH(B24,'Inventario ACTUAL (nuevo)'!$B:$B,0)),"CABLE DE EMBRAGUE") | D24: =IFERROR(INDEX('Inventario ACTUAL (nuevo)'!$A:$A,MATCH(B24,'Inventario ACTUAL (nuevo)'!$B:$B,0)),"INTMUR83JIS0S") | E24: 85 | G24: =SUMIFS('Movimientos ANTERIOR (detalle)'!$E:$E,'Movimientos ANTERIOR (detalle)'!$A:$A,A24,'Movimientos ANTERIOR (detalle)'!$D:$D,"Entrada") | H24: =SUMIFS('Movimientos ANTERIOR (detalle)'!$E:$E,'Movimientos ANTERIOR (detalle)'!$A:$A,A24,'Movimientos ANTERIOR (detalle)'!$D:$D,"Salida") | I24: ='Inventario ANTERIOR (borrado)'!G24
A25: ='Inventario ANTERIOR (borrado)'!A25 | B25: ='Inventario ANTERIOR (borrado)'!B25 | C25: =IFERROR(INDEX('Inventario ACTUAL (nuevo)'!$B:$B,MATCH(B25,'Inventario ACTUAL (nuevo)'!$B:$B,0)),"CABLE DE ACELERACION") | D25: =IFERROR(INDEX('Inventario ACTUAL (nuevo)'!$A:$A,MATCH(B25,'Inventario ACTUAL (nuevo)'!$B:$B,0)),"INTMV1KJQIMPK") | E25: 72 | G25: =SUMIFS('Movimientos ANTERIOR (detalle)'!$E:$E,'Movimientos ANTERIOR (detalle)'!$A:$A,A25,'Movimientos ANTERIOR (detalle)'!$D:$D,"Entrada") | H25: =SUMIFS('Movimientos ANTERIOR (detalle)'!$E:$E,'Movimientos ANTERIOR (detalle)'!$A:$A,A25,'Movimientos ANTERIOR (detalle)'!$D:$D,"Salida") | I25: ='Inventario ANTERIOR (borrado)'!G25
A26: ='Inventario ANTERIOR (borrado)'!A26 | B26: ='Inventario ANTERIOR (borrado)'!B26 | C26: =IFERROR(INDEX('Inventario ACTUAL (nuevo)'!$B:$B,MATCH(B26,'Inventario ACTUAL (nuevo)'!$B:$B,0)),"CABLE DE VELOCÍMETRO") | D26: =IFERROR(INDEX('Inventario ACTUAL (nuevo)'!$A:$A,MATCH(B26,'Inventario ACTUAL (nuevo)'!$B:$B,0)),"INTMUR81G5095") | E26: 79 | G26: =SUMIFS('Movimientos ANTERIOR (detalle)'!$E:$E,'Movimientos ANTERIOR (detalle)'!$A:$A,A26,'Movimientos ANTERIOR (detalle)'!$D:$D,"Entrada") | H26: =SUMIFS('Movimientos ANTERIOR (detalle)'!$E:$E,'Movimientos ANTERIOR (detalle)'!$A:$A,A26,'Movimientos ANTERIOR (detalle)'!$D:$D,"Salida") | I26: ='Inventario ANTERIOR (borrado)'!G26
A27: ='Inventario ANTERIOR (borrado)'!A27 | B27: ='Inventario ANTERIOR (borrado)'!B27 | C27: =IFERROR(INDEX('Inventario ACTUAL (nuevo)'!$B:$B,MATCH(B27,'Inventario ACTUAL (nuevo)'!$B:$B,0)),"") | D27: =IFERROR(INDEX('Inventario ACTUAL (nuevo)'!$A:$A,MATCH(B27,'Inventario ACTUAL (nuevo)'!$B:$B,0)),"") | E27: 54 | G27: =SUMIFS('Movimientos ANTERIOR (detalle)'!$E:$E,'Movimientos ANTERIOR (detalle)'!$A:$A,A27,'Movimientos ANTERIOR (detalle)'!$D:$D,"Entrada") | H27: =SUMIFS('Movimientos ANTERIOR (detalle)'!$E:$E,'Movimientos ANTERIOR (detalle)'!$A:$A,A27,'Movimientos ANTERIOR (detalle)'!$D:$D,"Salida") | I27: ='Inventario ANTERIOR (borrado)'!G27
A28: ='Inventario ANTERIOR (borrado)'!A28 | B28: ='Inventario ANTERIOR (borrado)'!B28 | C28: =IFERROR(INDEX('Inventario ACTUAL (nuevo)'!$B:$B,MATCH(B28,'Inventario ACTUAL (nuevo)'!$B:$B,0)),"") | D28: =IFERROR(INDEX('Inventario ACTUAL (nuevo)'!$A:$A,MATCH(B28,'Inventario ACTUAL (nuevo)'!$B:$B,0)),"") | E28: 55 | G28: =SUMIFS('Movimientos ANTERIOR (detalle)'!$E:$E,'Movimientos ANTERIOR (detalle)'!$A:$A,A28,'Movimientos ANTERIOR (detalle)'!$D:$D,"Entrada") | H28: =SUMIFS('Movimientos ANTERIOR (detalle)'!$E:$E,'Movimientos ANTERIOR (detalle)'!$A:$A,A28,'Movimientos ANTERIOR (detalle)'!$D:$D,"Salida") | I28: ='Inventario ANTERIOR (borrado)'!G28
A29: ='Inventario ANTERIOR (borrado)'!A29 | B29: ='Inventario ANTERIOR (borrado)'!B29 | C29: =IFERROR(INDEX('Inventario ACTUAL (nuevo)'!$B:$B,MATCH(B29,'Inventario ACTUAL (nuevo)'!$B:$B,0)),"") | D29: =IFERROR(INDEX('Inventario ACTUAL (nuevo)'!$A:$A,MATCH(B29,'Inventario ACTUAL (nuevo)'!$B:$B,0)),"") | E29: 65 | G29: =SUMIFS('Movimientos ANTERIOR (detalle)'!$E:$E,'Movimientos ANTERIOR (detalle)'!$A:$A,A29,'Movimientos ANTERIOR (detalle)'!$D:$D,"Entrada") | H29: =SUMIFS('Movimientos ANTERIOR (detalle)'!$E:$E,'Movimientos ANTERIOR (detalle)'!$A:$A,A29,'Movimientos ANTERIOR (detalle)'!$D:$D,"Salida") | I29: ='Inventario ANTERIOR (borrado)'!G29
A30: ='Inventario ANTERIOR (borrado)'!A30 | B30: ='Inventario ANTERIOR (borrado)'!B30 | C30: =IFERROR(INDEX('Inventario ACTUAL (nuevo)'!$B:$B,MATCH(B30,'Inventario ACTUAL (nuevo)'!$B:$B,0)),"CAJA DE CAMBIO") | D30: =IFERROR(INDEX('Inventario ACTUAL (nuevo)'!$A:$A,MATCH(B30,'Inventario ACTUAL (nuevo)'!$B:$B,0)),"INTMUR7USTJEU") | E30: 100 | G30: =SUMIFS('Movimientos ANTERIOR (detalle)'!$E:$E,'Movimientos ANTERIOR (detalle)'!$A:$A,A30,'Movimientos ANTERIOR (detalle)'!$D:$D,"Entrada") | H30: =SUMIFS('Movimientos ANTERIOR (detalle)'!$E:$E,'Movimientos ANTERIOR (detalle)'!$A:$A,A30,'Movimientos ANTERIOR (detalle)'!$D:$D,"Salida") | I30: ='Inventario ANTERIOR (borrado)'!G30
A31: ='Inventario ANTERIOR (borrado)'!A31 | B31: ='Inventario ANTERIOR (borrado)'!B31 | C31: =IFERROR(INDEX('Inventario ACTUAL (nuevo)'!$B:$B,MATCH(B31,'Inventario ACTUAL (nuevo)'!$B:$B,0)),"CABLE DE ACELERACION") | D31: =IFERROR(INDEX('Inventario ACTUAL (nuevo)'!$A:$A,MATCH(B31,'Inventario ACTUAL (nuevo)'!$B:$B,0)),"INTMV1KJQIMPK") | E31: 74 | G31: =SUMIFS('Movimientos ANTERIOR (detalle)'!$E:$E,'Movimientos ANTERIOR (detalle)'!$A:$A,A31,'Movimientos ANTERIOR (detalle)'!$D:$D,"Entrada") | H31: =SUMIFS('Movimientos ANTERIOR (detalle)'!$E:$E,'Movimientos ANTERIOR (detalle)'!$A:$A,A31,'Movimientos ANTERIOR (detalle)'!$D:$D,"Salida") | I31: ='Inventario ANTERIOR (borrado)'!G31
A32: ='Inventario ANTERIOR (borrado)'!A32 | B32: ='Inventario ANTERIOR (borrado)'!B32 | C32: =IFERROR(INDEX('Inventario ACTUAL (nuevo)'!$B:$B,MATCH(B32,'Inventario ACTUAL (nuevo)'!$B:$B,0)),"") | D32: =IFERROR(INDEX('Inventario ACTUAL (nuevo)'!$A:$A,MATCH(B32,'Inventario ACTUAL (nuevo)'!$B:$B,0)),"") | E32: 55 | G32: =SUMIFS('Movimientos ANTERIOR (detalle)'!$E:$E,'Movimientos ANTERIOR (detalle)'!$A:$A,A32,'Movimientos ANTERIOR (detalle)'!$D:$D,"Entrada") | H32: =SUMIFS('Movimientos ANTERIOR (detalle)'!$E:$E,'Movimientos ANTERIOR (detalle)'!$A:$A,A32,'Movimientos ANTERIOR (detalle)'!$D:$D,"Salida") | I32: ='Inventario ANTERIOR (borrado)'!G32
A33: ='Inventario ANTERIOR (borrado)'!A33 | B33: ='Inventario ANTERIOR (borrado)'!B33 | C33: =IFERROR(INDEX('Inventario ACTUAL (nuevo)'!$B:$B,MATCH(B33,'Inventario ACTUAL (nuevo)'!$B:$B,0)),"") | D33: =IFERROR(INDEX('Inventario ACTUAL (nuevo)'!$A:$A,MATCH(B33,'Inventario ACTUAL (nuevo)'!$B:$B,0)),"") | E33: 52 | G33: =SUMIFS('Movimientos ANTERIOR (detalle)'!$E:$E,'Movimientos ANTERIOR (detalle)'!$A:$A,A33,'Movimientos ANTERIOR (detalle)'!$D:$D,"Entrada") | H33: =SUMIFS('Movimientos ANTERIOR (detalle)'!$E:$E,'Movimientos ANTERIOR (detalle)'!$A:$A,A33,'Movimientos ANTERIOR (detalle)'!$D:$D,"Salida") | I33: ='Inventario ANTERIOR (borrado)'!G33
A34: ='Inventario ANTERIOR (borrado)'!A34 | B34: ='Inventario ANTERIOR (borrado)'!B34 | C34: =IFERROR(INDEX('Inventario ACTUAL (nuevo)'!$B:$B,MATCH(B34,'Inventario ACTUAL (nuevo)'!$B:$B,0)),"CAUCHO TANQUE GN125") | D34: =IFERROR(INDEX('Inventario ACTUAL (nuevo)'!$A:$A,MATCH(B34,'Inventario ACTUAL (nuevo)'!$B:$B,0)),"INTMUR7ZJPNWD") | E34: 84 | G34: =SUMIFS('Movimientos ANTERIOR (detalle)'!$E:$E,'Movimientos ANTERIOR (detalle)'!$A:$A,A34,'Movimientos ANTERIOR (detalle)'!$D:$D,"Entrada") | H34: =SUMIFS('Movimientos ANTERIOR (detalle)'!$E:$E,'Movimientos ANTERIOR (detalle)'!$A:$A,A34,'Movimientos ANTERIOR (detalle)'!$D:$D,"Salida") | I34: ='Inventario ANTERIOR (borrado)'!G34
A35: ='Inventario ANTERIOR (borrado)'!A35 | B35: ='Inventario ANTERIOR (borrado)'!B35 | C35: =IFERROR(INDEX('Inventario ACTUAL (nuevo)'!$B:$B,MATCH(B35,'Inventario ACTUAL (nuevo)'!$B:$B,0)),"CAUCHO DE VALVULA") | D35: =IFERROR(INDEX('Inventario ACTUAL (nuevo)'!$A:$A,MATCH(B35,'Inventario ACTUAL (nuevo)'!$B:$B,0)),"INTMUR7OI4SFT") | E35: 97 | G35: =SUMIFS('Movimientos ANTERIOR (detalle)'!$E:$E,'Movimientos ANTERIOR (detalle)'!$A:$A,A35,'Movimientos ANTERIOR (detalle)'!$D:$D,"Entrada") | H35: =SUMIFS('Movimientos ANTERIOR (detalle)'!$E:$E,'Movimientos ANTERIOR (detalle)'!$A:$A,A35,'Movimientos ANTERIOR (detalle)'!$D:$D,"Salida") | I35: ='Inventario ANTERIOR (borrado)'!G35
A36: ='Inventario ANTERIOR (borrado)'!A36 | B36: ='Inventario ANTERIOR (borrado)'!B36 | C36: =IFERROR(INDEX('Inventario ACTUAL (nuevo)'!$B:$B,MATCH(B36,'Inventario ACTUAL (nuevo)'!$B:$B,0)),"CDI") | D36: =IFERROR(INDEX('Inventario ACTUAL (nuevo)'!$A:$A,MATCH(B36,'Inventario ACTUAL (nuevo)'!$B:$B,0)),"INTMUR7PL65J9") | E36: 100 | G36: =SUMIFS('Movimientos ANTERIOR (detalle)'!$E:$E,'Movimientos ANTERIOR (detalle)'!$A:$A,A36,'Movimientos ANTERIOR (detalle)'!$D:$D,"Entrada") | H36: =SUMIFS('Movimientos ANTERIOR (detalle)'!$E:$E,'Movimientos ANTERIOR (detalle)'!$A:$A,A36,'Movimientos ANTERIOR (detalle)'!$D:$D,"Salida") | I36: ='Inventario ANTERIOR (borrado)'!G36
A37: ='Inventario ANTERIOR (borrado)'!A37 | B37: ='Inventario ANTERIOR (borrado)'!B37 | C37: =IFERROR(INDEX('Inventario ACTUAL (nuevo)'!$B:$B,MATCH(B37,'Inventario ACTUAL (nuevo)'!$B:$B,0)),"CILINDRO") | D37: =IFERROR(INDEX('Inventario ACTUAL (nuevo)'!$A:$A,MATCH(B37,'Inventario ACTUAL (nuevo)'!$B:$B,0)),"INTMUR7NPK0NF") | E37: 73 | G37: =SUMIFS('Movimientos ANTERIOR (detalle)'!$E:$E,'Movimientos ANTERIOR (detalle)'!$A:$A,A37,'Movimientos ANTERIOR (detalle)'!$D:$D,"Entrada") | H37: =SUMIFS('Movimientos ANTERIOR (detalle)'!$E:$E,'Movimientos ANTERIOR (detalle)'!$A:$A,A37,'Movimientos ANTERIOR (detalle)'!$D:$D,"Salida") | I37: ='Inventario ANTERIOR (borrado)'!G37
A38: ='Inventario ANTERIOR (borrado)'!A38 | B38: ='Inventario ANTERIOR (borrado)'!B38 | C38: =IFERROR(INDEX('Inventario ACTUAL (nuevo)'!$B:$B,MATCH(B38,'Inventario ACTUAL (nuevo)'!$B:$B,0)),"") | D38: =IFERROR(INDEX('Inventario ACTUAL (nuevo)'!$A:$A,MATCH(B38,'Inventario ACTUAL (nuevo)'!$B:$B,0)),"") | E38: 58 | G38: =SUMIFS('Movimientos ANTERIOR (detalle)'!$E:$E,'Movimientos ANTERIOR (detalle)'!$A:$A,A38,'Movimientos ANTERIOR (detalle)'!$D:$D,"Entrada") | H38: =SUMIFS('Movimientos ANTERIOR (detalle)'!$E:$E,'Movimientos ANTERIOR (detalle)'!$A:$A,A38,'Movimientos ANTERIOR (detalle)'!$D:$D,"Salida") | I38: ='Inventario ANTERIOR (borrado)'!G38
A39: ='Inventario ANTERIOR (borrado)'!A39 | B39: ='Inventario ANTERIOR (borrado)'!B39 | C39: =IFERROR(INDEX('Inventario ACTUAL (nuevo)'!$B:$B,MATCH(B39,'Inventario ACTUAL (nuevo)'!$B:$B,0)),"DISCO DE FRENO DELANTERO") | D39: =IFERROR(INDEX('Inventario ACTUAL (nuevo)'!$A:$A,MATCH(B39,'Inventario ACTUAL (nuevo)'!$B:$B,0)),"INTMUR7VI1W4M") | E39: 100 | G39: =SUMIFS('Movimientos ANTERIOR (detalle)'!$E:$E,'Movimientos ANTERIOR (detalle)'!$A:$A,A39,'Movimientos ANTERIOR (detalle)'!$D:$D,"Entrada") | H39: =SUMIFS('Movimientos ANTERIOR (detalle)'!$E:$E,'Movimientos ANTERIOR (detalle)'!$A:$A,A39,'Movimientos ANTERIOR (detalle)'!$D:$D,"Salida") | I39: ='Inventario ANTERIOR (borrado)'!G39
A40: ='Inventario ANTERIOR (borrado)'!A40 | B40: ='Inventario ANTERIOR (borrado)'!B40 | C40: =IFERROR(INDEX('Inventario ACTUAL (nuevo)'!$B:$B,MATCH(B40,'Inventario ACTUAL (nuevo)'!$B:$B,0)),"DOBLE PATA") | D40: =IFERROR(INDEX('Inventario ACTUAL (nuevo)'!$A:$A,MATCH(B40,'Inventario ACTUAL (nuevo)'!$B:$B,0)),"INTMUR73NHKYJ") | E40: 100 | G40: =SUMIFS('Movimientos ANTERIOR (detalle)'!$E:$E,'Movimientos ANTERIOR (detalle)'!$A:$A,A40,'Movimientos ANTERIOR (detalle)'!$D:$D,"Entrada") | H40: =SUMIFS('Movimientos ANTERIOR (detalle)'!$E:$E,'Movimientos ANTERIOR (detalle)'!$A:$A,A40,'Movimientos ANTERIOR (detalle)'!$D:$D,"Salida") | I40: ='Inventario ANTERIOR (borrado)'!G40
A41: ='Inventario ANTERIOR (borrado)'!A41 | B41: ='Inventario ANTERIOR (borrado)'!B41 | C41: =IFERROR(INDEX('Inventario ACTUAL (nuevo)'!$B:$B,MATCH(B41,'Inventario ACTUAL (nuevo)'!$B:$B,0)),"CAJA DE CAMBIO") | D41: =IFERROR(INDEX('Inventario ACTUAL (nuevo)'!$A:$A,MATCH(B41,'Inventario ACTUAL (nuevo)'!$B:$B,0)),"INTMUR7USTJEU") | E41: 81 | G41: =SUMIFS('Movimientos ANTERIOR (detalle)'!$E:$E,'Movimientos ANTERIOR (detalle)'!$A:$A,A41,'Movimientos ANTERIOR (detalle)'!$D:$D,"Entrada") | H41: =SUMIFS('Movimientos ANTERIOR (detalle)'!$E:$E,'Movimientos ANTERIOR (detalle)'!$A:$A,A41,'Movimientos ANTERIOR (detalle)'!$D:$D,"Salida") | I41: ='Inventario ANTERIOR (borrado)'!G41
A42: ='Inventario ANTERIOR (borrado)'!A42 | B42: ='Inventario ANTERIOR (borrado)'!B42 | C42: =IFERROR(INDEX('Inventario ACTUAL (nuevo)'!$B:$B,MATCH(B42,'Inventario ACTUAL (nuevo)'!$B:$B,0)),"Eje DELANTERO") | D42: =IFERROR(INDEX('Inventario ACTUAL (nuevo)'!$A:$A,MATCH(B42,'Inventario ACTUAL (nuevo)'!$B:$B,0)),"INTMUWUAG0EKQ") | E42: 100 | G42: =SUMIFS('Movimientos ANTERIOR (detalle)'!$E:$E,'Movimientos ANTERIOR (detalle)'!$A:$A,A42,'Movimientos ANTERIOR (detalle)'!$D:$D,"Entrada") | H42: =SUMIFS('Movimientos ANTERIOR (detalle)'!$E:$E,'Movimientos ANTERIOR (detalle)'!$A:$A,A42,'Movimientos ANTERIOR (detalle)'!$D:$D,"Salida") | I42: ='Inventario ANTERIOR (borrado)'!G42
A43: ='Inventario ANTERIOR (borrado)'!A43 | B43: ='Inventario ANTERIOR (borrado)'!B43 | C43: =IFERROR(INDEX('Inventario ACTUAL (nuevo)'!$B:$B,MATCH(B43,'Inventario ACTUAL (nuevo)'!$B:$B,0)),"") | D43: =IFERROR(INDEX('Inventario ACTUAL (nuevo)'!$A:$A,MATCH(B43,'Inventario ACTUAL (nuevo)'!$B:$B,0)),"") | E43: 67 | G43: =SUMIFS('Movimientos ANTERIOR (detalle)'!$E:$E,'Movimientos ANTERIOR (detalle)'!$A:$A,A43,'Movimientos ANTERIOR (detalle)'!$D:$D,"Entrada") | H43: =SUMIFS('Movimientos ANTERIOR (detalle)'!$E:$E,'Movimientos ANTERIOR (detalle)'!$A:$A,A43,'Movimientos ANTERIOR (detalle)'!$D:$D,"Salida") | I43: ='Inventario ANTERIOR (borrado)'!G43
A44: ='Inventario ANTERIOR (borrado)'!A44 | B44: ='Inventario ANTERIOR (borrado)'!B44 | C44: =IFERROR(INDEX('Inventario ACTUAL (nuevo)'!$B:$B,MATCH(B44,'Inventario ACTUAL (nuevo)'!$B:$B,0)),"") | D44: =IFERROR(INDEX('Inventario ACTUAL (nuevo)'!$A:$A,MATCH(B44,'Inventario ACTUAL (nuevo)'!$B:$B,0)),"") | E44: 67 | G44: =SUMIFS('Movimientos ANTERIOR (detalle)'!$E:$E,'Movimientos ANTERIOR (detalle)'!$A:$A,A44,'Movimientos ANTERIOR (detalle)'!$D:$D,"Entrada") | H44: =SUMIFS('Movimientos ANTERIOR (detalle)'!$E:$E,'Movimientos ANTERIOR (detalle)'!$A:$A,A44,'Movimientos ANTERIOR (detalle)'!$D:$D,"Salida") | I44: ='Inventario ANTERIOR (borrado)'!G44
A45: ='Inventario ANTERIOR (borrado)'!A45 | B45: ='Inventario ANTERIOR (borrado)'!B45 | C45: =IFERROR(INDEX('Inventario ACTUAL (nuevo)'!$B:$B,MATCH(B45,'Inventario ACTUAL (nuevo)'!$B:$B,0)),"") | D45: =IFERROR(INDEX('Inventario ACTUAL (nuevo)'!$A:$A,MATCH(B45,'Inventario ACTUAL (nuevo)'!$B:$B,0)),"") | E45: 60 | G45: =SUMIFS('Movimientos ANTERIOR (detalle)'!$E:$E,'Movimientos ANTERIOR (detalle)'!$A:$A,A45,'Movimientos ANTERIOR (detalle)'!$D:$D,"Entrada") | H45: =SUMIFS('Movimientos ANTERIOR (detalle)'!$E:$E,'Movimientos ANTERIOR (detalle)'!$A:$A,A45,'Movimientos ANTERIOR (detalle)'!$D:$D,"Salida") | I45: ='Inventario ANTERIOR (borrado)'!G45
A46: ='Inventario ANTERIOR (borrado)'!A46 | B46: ='Inventario ANTERIOR (borrado)'!B46 | C46: =IFERROR(INDEX('Inventario ACTUAL (nuevo)'!$B:$B,MATCH(B46,'Inventario ACTUAL (nuevo)'!$B:$B,0)),"") | D46: =IFERROR(INDEX('Inventario ACTUAL (nuevo)'!$A:$A,MATCH(B46,'Inventario ACTUAL (nuevo)'!$B:$B,0)),"") | E46: 63 | G46: =SUMIFS('Movimientos ANTERIOR (detalle)'!$E:$E,'Movimientos ANTERIOR (detalle)'!$A:$A,A46,'Movimientos ANTERIOR (detalle)'!$D:$D,"Entrada") | H46: =SUMIFS('Movimientos ANTERIOR (detalle)'!$E:$E,'Movimientos ANTERIOR (detalle)'!$A:$A,A46,'Movimientos ANTERIOR (detalle)'!$D:$D,"Salida") | I46: ='Inventario ANTERIOR (borrado)'!G46
A47: ='Inventario ANTERIOR (borrado)'!A47 | B47: ='Inventario ANTERIOR (borrado)'!B47 | C47: =IFERROR(INDEX('Inventario ACTUAL (nuevo)'!$B:$B,MATCH(B47,'Inventario ACTUAL (nuevo)'!$B:$B,0)),"") | D47: =IFERROR(INDEX('Inventario ACTUAL (nuevo)'!$A:$A,MATCH(B47,'Inventario ACTUAL (nuevo)'!$B:$B,0)),"") | E47: 63 | G47: =SUMIFS('Movimientos ANTERIOR (detalle)'!$E:$E,'Movimientos ANTERIOR (detalle)'!$A:$A,A47,'Movimientos ANTERIOR (detalle)'!$D:$D,"Entrada") | H47: =SUMIFS('Movimientos ANTERIOR (detalle)'!$E:$E,'Movimientos ANTERIOR (detalle)'!$A:$A,A47,'Movimientos ANTERIOR (detalle)'!$D:$D,"Salida") | I47: ='Inventario ANTERIOR (borrado)'!G47
A48: ='Inventario ANTERIOR (borrado)'!A48 | B48: ='Inventario ANTERIOR (borrado)'!B48 | C48: =IFERROR(INDEX('Inventario ACTUAL (nuevo)'!$B:$B,MATCH(B48,'Inventario ACTUAL (nuevo)'!$B:$B,0)),"") | D48: =IFERROR(INDEX('Inventario ACTUAL (nuevo)'!$A:$A,MATCH(B48,'Inventario ACTUAL (nuevo)'!$B:$B,0)),"") | E48: 61 | G48: =SUMIFS('Movimientos ANTERIOR (detalle)'!$E:$E,'Movimientos ANTERIOR (detalle)'!$A:$A,A48,'Movimientos ANTERIOR (detalle)'!$D:$D,"Entrada") | H48: =SUMIFS('Movimientos ANTERIOR (detalle)'!$E:$E,'Movimientos ANTERIOR (detalle)'!$A:$A,A48,'Movimientos ANTERIOR (detalle)'!$D:$D,"Salida") | I48: ='Inventario ANTERIOR (borrado)'!G48
A49: ='Inventario ANTERIOR (borrado)'!A49 | B49: ='Inventario ANTERIOR (borrado)'!B49 | C49: =IFERROR(INDEX('Inventario ACTUAL (nuevo)'!$B:$B,MATCH(B49,'Inventario ACTUAL (nuevo)'!$B:$B,0)),"") | D49: =IFERROR(INDEX('Inventario ACTUAL (nuevo)'!$A:$A,MATCH(B49,'Inventario ACTUAL (nuevo)'!$B:$B,0)),"") | E49: 50 | G49: =SUMIFS('Movimientos ANTERIOR (detalle)'!$E:$E,'Movimientos ANTERIOR (detalle)'!$A:$A,A49,'Movimientos ANTERIOR (detalle)'!$D:$D,"Entrada") | H49: =SUMIFS('Movimientos ANTERIOR (detalle)'!$E:$E,'Movimientos ANTERIOR (detalle)'!$A:$A,A49,'Movimientos ANTERIOR (detalle)'!$D:$D,"Salida") | I49: ='Inventario ANTERIOR (borrado)'!G49
A50: ='Inventario ANTERIOR (borrado)'!A50 | B50: ='Inventario ANTERIOR (borrado)'!B50 | C50: =IFERROR(INDEX('Inventario ACTUAL (nuevo)'!$B:$B,MATCH(B50,'Inventario ACTUAL (nuevo)'!$B:$B,0)),"FILTRO DE ACEITE") | D50: =IFERROR(INDEX('Inventario ACTUAL (nuevo)'!$A:$A,MATCH(B50,'Inventario ACTUAL (nuevo)'!$B:$B,0)),"INTMUR7QAZSK6") | E50: 100 | G50: =SUMIFS('Movimientos ANTERIOR (detalle)'!$E:$E,'Movimientos ANTERIOR (detalle)'!$A:$A,A50,'Movimientos ANTERIOR (detalle)'!$D:$D,"Entrada") | H50: =SUMIFS('Movimientos ANTERIOR (detalle)'!$E:$E,'Movimientos ANTERIOR (detalle)'!$A:$A,A50,'Movimientos ANTERIOR (detalle)'!$D:$D,"Salida") | I50: ='Inventario ANTERIOR (borrado)'!G50
A51: ='Inventario ANTERIOR (borrado)'!A51 | B51: ='Inventario ANTERIOR (borrado)'!B51 | C51: =IFERROR(INDEX('Inventario ACTUAL (nuevo)'!$B:$B,MATCH(B51,'Inventario ACTUAL (nuevo)'!$B:$B,0)),"FILTRO DE ACEITE") | D51: =IFERROR(INDEX('Inventario ACTUAL (nuevo)'!$A:$A,MATCH(B51,'Inventario ACTUAL (nuevo)'!$B:$B,0)),"INTMUR7QAZSK6") | E51: 87 | G51: =SUMIFS('Movimientos ANTERIOR (detalle)'!$E:$E,'Movimientos ANTERIOR (detalle)'!$A:$A,A51,'Movimientos ANTERIOR (detalle)'!$D:$D,"Entrada") | H51: =SUMIFS('Movimientos ANTERIOR (detalle)'!$E:$E,'Movimientos ANTERIOR (detalle)'!$A:$A,A51,'Movimientos ANTERIOR (detalle)'!$D:$D,"Salida") | I51: ='Inventario ANTERIOR (borrado)'!G51
A52: ='Inventario ANTERIOR (borrado)'!A52 | B52: ='Inventario ANTERIOR (borrado)'!B52 | C52: =IFERROR(INDEX('Inventario ACTUAL (nuevo)'!$B:$B,MATCH(B52,'Inventario ACTUAL (nuevo)'!$B:$B,0)),"") | D52: =IFERROR(INDEX('Inventario ACTUAL (nuevo)'!$A:$A,MATCH(B52,'Inventario ACTUAL (nuevo)'!$B:$B,0)),"") | E52: 50 | G52: =SUMIFS('Movimientos ANTERIOR (detalle)'!$E:$E,'Movimientos ANTERIOR (detalle)'!$A:$A,A52,'Movimientos ANTERIOR (detalle)'!$D:$D,"Entrada") | H52: =SUMIFS('Movimientos ANTERIOR (detalle)'!$E:$E,'Movimientos ANTERIOR (detalle)'!$A:$A,A52,'Movimientos ANTERIOR (detalle)'!$D:$D,"Salida") | I52: ='Inventario ANTERIOR (borrado)'!G52
A53: ='Inventario ANTERIOR (borrado)'!A53 | B53: ='Inventario ANTERIOR (borrado)'!B53 | C53: =IFERROR(INDEX('Inventario ACTUAL (nuevo)'!$B:$B,MATCH(B53,'Inventario ACTUAL (nuevo)'!$B:$B,0)),"") | D53: =IFERROR(INDEX('Inventario ACTUAL (nuevo)'!$A:$A,MATCH(B53,'Inventario ACTUAL (nuevo)'!$B:$B,0)),"") | E53: 55 | G53: =SUMIFS('Movimientos ANTERIOR (detalle)'!$E:$E,'Movimientos ANTERIOR (detalle)'!$A:$A,A53,'Movimientos ANTERIOR (detalle)'!$D:$D,"Entrada") | H53: =SUMIFS('Movimientos ANTERIOR (detalle)'!$E:$E,'Movimientos ANTERIOR (detalle)'!$A:$A,A53,'Movimientos ANTERIOR (detalle)'!$D:$D,"Salida") | I53: ='Inventario ANTERIOR (borrado)'!G53
A54: ='Inventario ANTERIOR (borrado)'!A54 | B54: ='Inventario ANTERIOR (borrado)'!B54 | C54: =IFERROR(INDEX('Inventario ACTUAL (nuevo)'!$B:$B,MATCH(B54,'Inventario ACTUAL (nuevo)'!$B:$B,0)),"FOCO LED") | D54: =IFERROR(INDEX('Inventario ACTUAL (nuevo)'!$A:$A,MATCH(B54,'Inventario ACTUAL (nuevo)'!$B:$B,0)),"INTMUR7YVEV3I") | E54: 88 | G54: =SUMIFS('Movimientos ANTERIOR (detalle)'!$E:$E,'Movimientos ANTERIOR (detalle)'!$A:$A,A54,'Movimientos ANTERIOR (detalle)'!$D:$D,"Entrada") | H54: =SUMIFS('Movimientos ANTERIOR (detalle)'!$E:$E,'Movimientos ANTERIOR (detalle)'!$A:$A,A54,'Movimientos ANTERIOR (detalle)'!$D:$D,"Salida") | I54: ='Inventario ANTERIOR (borrado)'!G54
A55: ='Inventario ANTERIOR (borrado)'!A55 | B55: ='Inventario ANTERIOR (borrado)'!B55 | C55: =IFERROR(INDEX('Inventario ACTUAL (nuevo)'!$B:$B,MATCH(B55,'Inventario ACTUAL (nuevo)'!$B:$B,0)),"") | D55: =IFERROR(INDEX('Inventario ACTUAL (nuevo)'!$A:$A,MATCH(B55,'Inventario ACTUAL (nuevo)'!$B:$B,0)),"") | E55: 50 | G55: =SUMIFS('Movimientos ANTERIOR (detalle)'!$E:$E,'Movimientos ANTERIOR (detalle)'!$A:$A,A55,'Movimientos ANTERIOR (detalle)'!$D:$D,"Entrada") | H55: =SUMIFS('Movimientos ANTERIOR (detalle)'!$E:$E,'Movimientos ANTERIOR (detalle)'!$A:$A,A55,'Movimientos ANTERIOR (detalle)'!$D:$D,"Salida") | I55: ='Inventario ANTERIOR (borrado)'!G55
A56: ='Inventario ANTERIOR (borrado)'!A56 | B56: ='Inventario ANTERIOR (borrado)'!B56 | C56: =IFERROR(INDEX('Inventario ACTUAL (nuevo)'!$B:$B,MATCH(B56,'Inventario ACTUAL (nuevo)'!$B:$B,0)),"") | D56: =IFERROR(INDEX('Inventario ACTUAL (nuevo)'!$A:$A,MATCH(B56,'Inventario ACTUAL (nuevo)'!$B:$B,0)),"") | E56: 67 | G56: =SUMIFS('Movimientos ANTERIOR (detalle)'!$E:$E,'Movimientos ANTERIOR (detalle)'!$A:$A,A56,'Movimientos ANTERIOR (detalle)'!$D:$D,"Entrada") | H56: =SUMIFS('Movimientos ANTERIOR (detalle)'!$E:$E,'Movimientos ANTERIOR (detalle)'!$A:$A,A56,'Movimientos ANTERIOR (detalle)'!$D:$D,"Salida") | I56: ='Inventario ANTERIOR (borrado)'!G56
A57: ='Inventario ANTERIOR (borrado)'!A57 | B57: ='Inventario ANTERIOR (borrado)'!B57 | C57: =IFERROR(INDEX('Inventario ACTUAL (nuevo)'!$B:$B,MATCH(B57,'Inventario ACTUAL (nuevo)'!$B:$B,0)),"") | D57: =IFERROR(INDEX('Inventario ACTUAL (nuevo)'!$A:$A,MATCH(B57,'Inventario ACTUAL (nuevo)'!$B:$B,0)),"") | E57: 56 | G57: =SUMIFS('Movimientos ANTERIOR (detalle)'!$E:$E,'Movimientos ANTERIOR (detalle)'!$A:$A,A57,'Movimientos ANTERIOR (detalle)'!$D:$D,"Entrada") | H57: =SUMIFS('Movimientos ANTERIOR (detalle)'!$E:$E,'Movimientos ANTERIOR (detalle)'!$A:$A,A57,'Movimientos ANTERIOR (detalle)'!$D:$D,"Salida") | I57: ='Inventario ANTERIOR (borrado)'!G57
A58: ='Inventario ANTERIOR (borrado)'!A58 | B58: ='Inventario ANTERIOR (borrado)'!B58 | C58: =IFERROR(INDEX('Inventario ACTUAL (nuevo)'!$B:$B,MATCH(B58,'Inventario ACTUAL (nuevo)'!$B:$B,0)),"") | D58: =IFERROR(INDEX('Inventario ACTUAL (nuevo)'!$A:$A,MATCH(B58,'Inventario ACTUAL (nuevo)'!$B:$B,0)),"") | E58: 49 | G58: =SUMIFS('Movimientos ANTERIOR (detalle)'!$E:$E,'Movimientos ANTERIOR (detalle)'!$A:$A,A58,'Movimientos ANTERIOR (detalle)'!$D:$D,"Entrada") | H58: =SUMIFS('Movimientos ANTERIOR (detalle)'!$E:$E,'Movimientos ANTERIOR (detalle)'!$A:$A,A58,'Movimientos ANTERIOR (detalle)'!$D:$D,"Salida") | I58: ='Inventario ANTERIOR (borrado)'!G58
A59: ='Inventario ANTERIOR (borrado)'!A59 | B59: ='Inventario ANTERIOR (borrado)'!B59 | C59: =IFERROR(INDEX('Inventario ACTUAL (nuevo)'!$B:$B,MATCH(B59,'Inventario ACTUAL (nuevo)'!$B:$B,0)),"INSTALACION ELECTRICA") | D59: =IFERROR(INDEX('Inventario ACTUAL (nuevo)'!$A:$A,MATCH(B59,'Inventario ACTUAL (nuevo)'!$B:$B,0)),"INTMUR85810ID") | E59: 100 | G59: =SUMIFS('Movimientos ANTERIOR (detalle)'!$E:$E,'Movimientos ANTERIOR (detalle)'!$A:$A,A59,'Movimientos ANTERIOR (detalle)'!$D:$D,"Entrada") | H59: =SUMIFS('Movimientos ANTERIOR (detalle)'!$E:$E,'Movimientos ANTERIOR (detalle)'!$A:$A,A59,'Movimientos ANTERIOR (detalle)'!$D:$D,"Salida") | I59: ='Inventario ANTERIOR (borrado)'!G59
A60: ='Inventario ANTERIOR (borrado)'!A60 | B60: ='Inventario ANTERIOR (borrado)'!B60 | C60: =IFERROR(INDEX('Inventario ACTUAL (nuevo)'!$B:$B,MATCH(B60,'Inventario ACTUAL (nuevo)'!$B:$B,0)),"") | D60: =IFERROR(INDEX('Inventario ACTUAL (nuevo)'!$A:$A,MATCH(B60,'Inventario ACTUAL (nuevo)'!$B:$B,0)),"") | E60: 65 | G60: =SUMIFS('Movimientos ANTERIOR (detalle)'!$E:$E,'Movimientos ANTERIOR (detalle)'!$A:$A,A60,'Movimientos ANTERIOR (detalle)'!$D:$D,"Entrada") | H60: =SUMIFS('Movimientos ANTERIOR (detalle)'!$E:$E,'Movimientos ANTERIOR (detalle)'!$A:$A,A60,'Movimientos ANTERIOR (detalle)'!$D:$D,"Salida") | I60: ='Inventario ANTERIOR (borrado)'!G60
A61: ='Inventario ANTERIOR (borrado)'!A61 | B61: ='Inventario ANTERIOR (borrado)'!B61 | C61: =IFERROR(INDEX('Inventario ACTUAL (nuevo)'!$B:$B,MATCH(B61,'Inventario ACTUAL (nuevo)'!$B:$B,0)),"") | D61: =IFERROR(INDEX('Inventario ACTUAL (nuevo)'!$A:$A,MATCH(B61,'Inventario ACTUAL (nuevo)'!$B:$B,0)),"") | E61: 59 | G61: =SUMIFS('Movimientos ANTERIOR (detalle)'!$E:$E,'Movimientos ANTERIOR (detalle)'!$A:$A,A61,'Movimientos ANTERIOR (detalle)'!$D:$D,"Entrada") | H61: =SUMIFS('Movimientos ANTERIOR (detalle)'!$E:$E,'Movimientos ANTERIOR (detalle)'!$A:$A,A61,'Movimientos ANTERIOR (detalle)'!$D:$D,"Salida") | I61: ='Inventario ANTERIOR (borrado)'!G61 | J61: SÍ — N° 371 · Colón Moto · 22/09/2026
A62: ='Inventario ANTERIOR (borrado)'!A62 | B62: ='Inventario ANTERIOR (borrado)'!B62 | C62: =IFERROR(INDEX('Inventario ACTUAL (nuevo)'!$B:$B,MATCH(B62,'Inventario ACTUAL (nuevo)'!$B:$B,0)),"") | D62: =IFERROR(INDEX('Inventario ACTUAL (nuevo)'!$A:$A,MATCH(B62,'Inventario ACTUAL (nuevo)'!$B:$B,0)),"") | E62: 58 | G62: =SUMIFS('Movimientos ANTERIOR (detalle)'!$E:$E,'Movimientos ANTERIOR (detalle)'!$A:$A,A62,'Movimientos ANTERIOR (detalle)'!$D:$D,"Entrada") | H62: =SUMIFS('Movimientos ANTERIOR (detalle)'!$E:$E,'Movimientos ANTERIOR (detalle)'!$A:$A,A62,'Movimientos ANTERIOR (detalle)'!$D:$D,"Salida") | I62: ='Inventario ANTERIOR (borrado)'!G62
A63: ='Inventario ANTERIOR (borrado)'!A63 | B63: ='Inventario ANTERIOR (borrado)'!B63 | C63: =IFERROR(INDEX('Inventario ACTUAL (nuevo)'!$B:$B,MATCH(B63,'Inventario ACTUAL (nuevo)'!$B:$B,0)),"") | D63: =IFERROR(INDEX('Inventario ACTUAL (nuevo)'!$A:$A,MATCH(B63,'Inventario ACTUAL (nuevo)'!$B:$B,0)),"") | E63: 61 | G63: =SUMIFS('Movimientos ANTERIOR (detalle)'!$E:$E,'Movimientos ANTERIOR (detalle)'!$A:$A,A63,'Movimientos ANTERIOR (detalle)'!$D:$D,"Entrada") | H63: =SUMIFS('Movimientos ANTERIOR (detalle)'!$E:$E,'Movimientos ANTERIOR (detalle)'!$A:$A,A63,'Movimientos ANTERIOR (detalle)'!$D:$D,"Salida") | I63: ='Inventario ANTERIOR (borrado)'!G63
A64: ='Inventario ANTERIOR (borrado)'!A64 | B64: ='Inventario ANTERIOR (borrado)'!B64 | C64: =IFERROR(INDEX('Inventario ACTUAL (nuevo)'!$B:$B,MATCH(B64,'Inventario ACTUAL (nuevo)'!$B:$B,0)),"") | D64: =IFERROR(INDEX('Inventario ACTUAL (nuevo)'!$A:$A,MATCH(B64,'Inventario ACTUAL (nuevo)'!$B:$B,0)),"") | E64: 62 | G64: =SUMIFS('Movimientos ANTERIOR (detalle)'!$E:$E,'Movimientos ANTERIOR (detalle)'!$A:$A,A64,'Movimientos ANTERIOR (detalle)'!$D:$D,"Entrada") | H64: =SUMIFS('Movimientos ANTERIOR (detalle)'!$E:$E,'Movimientos ANTERIOR (detalle)'!$A:$A,A64,'Movimientos ANTERIOR (detalle)'!$D:$D,"Salida") | I64: ='Inventario ANTERIOR (borrado)'!G64
A65: ='Inventario ANTERIOR (borrado)'!A65 | B65: ='Inventario ANTERIOR (borrado)'!B65 | C65: =IFERROR(INDEX('Inventario ACTUAL (nuevo)'!$B:$B,MATCH(B65,'Inventario ACTUAL (nuevo)'!$B:$B,0)),"COMANDO DE LUZ") | D65: =IFERROR(INDEX('Inventario ACTUAL (nuevo)'!$A:$A,MATCH(B65,'Inventario ACTUAL (nuevo)'!$B:$B,0)),"INTMUR86ZUZLI") | E65: 79 | G65: =SUMIFS('Movimientos ANTERIOR (detalle)'!$E:$E,'Movimientos ANTERIOR (detalle)'!$A:$A,A65,'Movimientos ANTERIOR (detalle)'!$D:$D,"Entrada") | H65: =SUMIFS('Movimientos ANTERIOR (detalle)'!$E:$E,'Movimientos ANTERIOR (detalle)'!$A:$A,A65,'Movimientos ANTERIOR (detalle)'!$D:$D,"Salida") | I65: ='Inventario ANTERIOR (borrado)'!G65
A66: ='Inventario ANTERIOR (borrado)'!A66 | B66: ='Inventario ANTERIOR (borrado)'!B66 | C66: =IFERROR(INDEX('Inventario ACTUAL (nuevo)'!$B:$B,MATCH(B66,'Inventario ACTUAL (nuevo)'!$B:$B,0)),"DISCO DE FRENO DELANTERO") | D66: =IFERROR(INDEX('Inventario ACTUAL (nuevo)'!$A:$A,MATCH(B66,'Inventario ACTUAL (nuevo)'!$B:$B,0)),"INTMUR7VI1W4M") | E66: 75 | G66: =SUMIFS('Movimientos ANTERIOR (detalle)'!$E:$E,'Movimientos ANTERIOR (detalle)'!$A:$A,A66,'Movimientos ANTERIOR (detalle)'!$D:$D,"Entrada") | H66: =SUMIFS('Movimientos ANTERIOR (detalle)'!$E:$E,'Movimientos ANTERIOR (detalle)'!$A:$A,A66,'Movimientos ANTERIOR (detalle)'!$D:$D,"Salida") | I66: ='Inventario ANTERIOR (borrado)'!G66
A67: ='Inventario ANTERIOR (borrado)'!A67 | B67: ='Inventario ANTERIOR (borrado)'!B67 | C67: =IFERROR(INDEX('Inventario ACTUAL (nuevo)'!$B:$B,MATCH(B67,'Inventario ACTUAL (nuevo)'!$B:$B,0)),"MANILLA DE EMBRAGUE") | D67: =IFERROR(INDEX('Inventario ACTUAL (nuevo)'!$A:$A,MATCH(B67,'Inventario ACTUAL (nuevo)'!$B:$B,0)),"INTMUR74482GH") | E67: 92 | G67: =SUMIFS('Movimientos ANTERIOR (detalle)'!$E:$E,'Movimientos ANTERIOR (detalle)'!$A:$A,A67,'Movimientos ANTERIOR (detalle)'!$D:$D,"Entrada") | H67: =SUMIFS('Movimientos ANTERIOR (detalle)'!$E:$E,'Movimientos ANTERIOR (detalle)'!$A:$A,A67,'Movimientos ANTERIOR (detalle)'!$D:$D,"Salida") | I67: ='Inventario ANTERIOR (borrado)'!G67
A68: ='Inventario ANTERIOR (borrado)'!A68 | B68: ='Inventario ANTERIOR (borrado)'!B68 | C68: =IFERROR(INDEX('Inventario ACTUAL (nuevo)'!$B:$B,MATCH(B68,'Inventario ACTUAL (nuevo)'!$B:$B,0)),"MANILLA DE EMBRAGUE") | D68: =IFERROR(INDEX('Inventario ACTUAL (nuevo)'!$A:$A,MATCH(B68,'Inventario ACTUAL (nuevo)'!$B:$B,0)),"INTMUR74482GH") | E68: 74 | G68: =SUMIFS('Movimientos ANTERIOR (detalle)'!$E:$E,'Movimientos ANTERIOR (detalle)'!$A:$A,A68,'Movimientos ANTERIOR (detalle)'!$D:$D,"Entrada") | H68: =SUMIFS('Movimientos ANTERIOR (detalle)'!$E:$E,'Movimientos ANTERIOR (detalle)'!$A:$A,A68,'Movimientos ANTERIOR (detalle)'!$D:$D,"Salida") | I68: ='Inventario ANTERIOR (borrado)'!G68
A69: ='Inventario ANTERIOR (borrado)'!A69 | B69: ='Inventario ANTERIOR (borrado)'!B69 | C69: =IFERROR(INDEX('Inventario ACTUAL (nuevo)'!$B:$B,MATCH(B69,'Inventario ACTUAL (nuevo)'!$B:$B,0)),"") | D69: =IFERROR(INDEX('Inventario ACTUAL (nuevo)'!$A:$A,MATCH(B69,'Inventario ACTUAL (nuevo)'!$B:$B,0)),"") | E69: 46 | G69: =SUMIFS('Movimientos ANTERIOR (detalle)'!$E:$E,'Movimientos ANTERIOR (detalle)'!$A:$A,A69,'Movimientos ANTERIOR (detalle)'!$D:$D,"Entrada") | H69: =SUMIFS('Movimientos ANTERIOR (detalle)'!$E:$E,'Movimientos ANTERIOR (detalle)'!$A:$A,A69,'Movimientos ANTERIOR (detalle)'!$D:$D,"Salida") | I69: ='Inventario ANTERIOR (borrado)'!G69
A70: ='Inventario ANTERIOR (borrado)'!A70 | B70: ='Inventario ANTERIOR (borrado)'!B70 | C70: =IFERROR(INDEX('Inventario ACTUAL (nuevo)'!$B:$B,MATCH(B70,'Inventario ACTUAL (nuevo)'!$B:$B,0)),"") | D70: =IFERROR(INDEX('Inventario ACTUAL (nuevo)'!$A:$A,MATCH(B70,'Inventario ACTUAL (nuevo)'!$B:$B,0)),"") | E70: 55 | G70: =SUMIFS('Movimientos ANTERIOR (detalle)'!$E:$E,'Movimientos ANTERIOR (detalle)'!$A:$A,A70,'Movimientos ANTERIOR (detalle)'!$D:$D,"Entrada") | H70: =SUMIFS('Movimientos ANTERIOR (detalle)'!$E:$E,'Movimientos ANTERIOR (detalle)'!$A:$A,A70,'Movimientos ANTERIOR (detalle)'!$D:$D,"Salida") | I70: ='Inventario ANTERIOR (borrado)'!G70
A71: ='Inventario ANTERIOR (borrado)'!A71 | B71: ='Inventario ANTERIOR (borrado)'!B71 | C71: =IFERROR(INDEX('Inventario ACTUAL (nuevo)'!$B:$B,MATCH(B71,'Inventario ACTUAL (nuevo)'!$B:$B,0)),"MORDAZA") | D71: =IFERROR(INDEX('Inventario ACTUAL (nuevo)'!$A:$A,MATCH(B71,'Inventario ACTUAL (nuevo)'!$B:$B,0)),"INTMUR7OVSQP1") | E71: 100 | G71: =SUMIFS('Movimientos ANTERIOR (detalle)'!$E:$E,'Movimientos ANTERIOR (detalle)'!$A:$A,A71,'Movimientos ANTERIOR (detalle)'!$D:$D,"Entrada") | H71: =SUMIFS('Movimientos ANTERIOR (detalle)'!$E:$E,'Movimientos ANTERIOR (detalle)'!$A:$A,A71,'Movimientos ANTERIOR (detalle)'!$D:$D,"Salida") | I71: ='Inventario ANTERIOR (borrado)'!G71
A72: ='Inventario ANTERIOR (borrado)'!A72 | B72: ='Inventario ANTERIOR (borrado)'!B72 | C72: =IFERROR(INDEX('Inventario ACTUAL (nuevo)'!$B:$B,MATCH(B72,'Inventario ACTUAL (nuevo)'!$B:$B,0)),"MORDAZA") | D72: =IFERROR(INDEX('Inventario ACTUAL (nuevo)'!$A:$A,MATCH(B72,'Inventario ACTUAL (nuevo)'!$B:$B,0)),"INTMUR7OVSQP1") | E72: 100 | G72: =SUMIFS('Movimientos ANTERIOR (detalle)'!$E:$E,'Movimientos ANTERIOR (detalle)'!$A:$A,A72,'Movimientos ANTERIOR (detalle)'!$D:$D,"Entrada") | H72: =SUMIFS('Movimientos ANTERIOR (detalle)'!$E:$E,'Movimientos ANTERIOR (detalle)'!$A:$A,A72,'Movimientos ANTERIOR (detalle)'!$D:$D,"Salida") | I72: ='Inventario ANTERIOR (borrado)'!G72
A73: ='Inventario ANTERIOR (borrado)'!A73 | B73: ='Inventario ANTERIOR (borrado)'!B73 | C73: =IFERROR(INDEX('Inventario ACTUAL (nuevo)'!$B:$B,MATCH(B73,'Inventario ACTUAL (nuevo)'!$B:$B,0)),"DISCO DE FRENO DELANTERO") | D73: =IFERROR(INDEX('Inventario ACTUAL (nuevo)'!$A:$A,MATCH(B73,'Inventario ACTUAL (nuevo)'!$B:$B,0)),"INTMUR7VI1W4M") | E73: 80 | G73: =SUMIFS('Movimientos ANTERIOR (detalle)'!$E:$E,'Movimientos ANTERIOR (detalle)'!$A:$A,A73,'Movimientos ANTERIOR (detalle)'!$D:$D,"Entrada") | H73: =SUMIFS('Movimientos ANTERIOR (detalle)'!$E:$E,'Movimientos ANTERIOR (detalle)'!$A:$A,A73,'Movimientos ANTERIOR (detalle)'!$D:$D,"Salida") | I73: ='Inventario ANTERIOR (borrado)'!G73
A74: ='Inventario ANTERIOR (borrado)'!A74 | B74: ='Inventario ANTERIOR (borrado)'!B74 | C74: =IFERROR(INDEX('Inventario ACTUAL (nuevo)'!$B:$B,MATCH(B74,'Inventario ACTUAL (nuevo)'!$B:$B,0)),"") | D74: =IFERROR(INDEX('Inventario ACTUAL (nuevo)'!$A:$A,MATCH(B74,'Inventario ACTUAL (nuevo)'!$B:$B,0)),"") | E74: 59 | G74: =SUMIFS('Movimientos ANTERIOR (detalle)'!$E:$E,'Movimientos ANTERIOR (detalle)'!$A:$A,A74,'Movimientos ANTERIOR (detalle)'!$D:$D,"Entrada") | H74: =SUMIFS('Movimientos ANTERIOR (detalle)'!$E:$E,'Movimientos ANTERIOR (detalle)'!$A:$A,A74,'Movimientos ANTERIOR (detalle)'!$D:$D,"Salida") | I74: ='Inventario ANTERIOR (borrado)'!G74
A75: ='Inventario ANTERIOR (borrado)'!A75 | B75: ='Inventario ANTERIOR (borrado)'!B75 | C75: =IFERROR(INDEX('Inventario ACTUAL (nuevo)'!$B:$B,MATCH(B75,'Inventario ACTUAL (nuevo)'!$B:$B,0)),"LLAVE DE GASOLINA") | D75: =IFERROR(INDEX('Inventario ACTUAL (nuevo)'!$A:$A,MATCH(B75,'Inventario ACTUAL (nuevo)'!$B:$B,0)),"INTMUWUAQ5AIV") | E75: 85 | G75: =SUMIFS('Movimientos ANTERIOR (detalle)'!$E:$E,'Movimientos ANTERIOR (detalle)'!$A:$A,A75,'Movimientos ANTERIOR (detalle)'!$D:$D,"Entrada") | H75: =SUMIFS('Movimientos ANTERIOR (detalle)'!$E:$E,'Movimientos ANTERIOR (detalle)'!$A:$A,A75,'Movimientos ANTERIOR (detalle)'!$D:$D,"Salida") | I75: ='Inventario ANTERIOR (borrado)'!G75
A76: ='Inventario ANTERIOR (borrado)'!A76 | B76: ='Inventario ANTERIOR (borrado)'!B76 | C76: =IFERROR(INDEX('Inventario ACTUAL (nuevo)'!$B:$B,MATCH(B76,'Inventario ACTUAL (nuevo)'!$B:$B,0)),"") | D76: =IFERROR(INDEX('Inventario ACTUAL (nuevo)'!$A:$A,MATCH(B76,'Inventario ACTUAL (nuevo)'!$B:$B,0)),"") | E76: 62 | G76: =SUMIFS('Movimientos ANTERIOR (detalle)'!$E:$E,'Movimientos ANTERIOR (detalle)'!$A:$A,A76,'Movimientos ANTERIOR (detalle)'!$D:$D,"Entrada") | H76: =SUMIFS('Movimientos ANTERIOR (detalle)'!$E:$E,'Movimientos ANTERIOR (detalle)'!$A:$A,A76,'Movimientos ANTERIOR (detalle)'!$D:$D,"Salida") | I76: ='Inventario ANTERIOR (borrado)'!G76
A77: ='Inventario ANTERIOR (borrado)'!A77 | B77: ='Inventario ANTERIOR (borrado)'!B77 | C77: =IFERROR(INDEX('Inventario ACTUAL (nuevo)'!$B:$B,MATCH(B77,'Inventario ACTUAL (nuevo)'!$B:$B,0)),"PATA DE APOYO") | D77: =IFERROR(INDEX('Inventario ACTUAL (nuevo)'!$A:$A,MATCH(B77,'Inventario ACTUAL (nuevo)'!$B:$B,0)),"INTMUR7J05A3Q") | E77: 100 | G77: =SUMIFS('Movimientos ANTERIOR (detalle)'!$E:$E,'Movimientos ANTERIOR (detalle)'!$A:$A,A77,'Movimientos ANTERIOR (detalle)'!$D:$D,"Entrada") | H77: =SUMIFS('Movimientos ANTERIOR (detalle)'!$E:$E,'Movimientos ANTERIOR (detalle)'!$A:$A,A77,'Movimientos ANTERIOR (detalle)'!$D:$D,"Salida") | I77: ='Inventario ANTERIOR (borrado)'!G77
A78: ='Inventario ANTERIOR (borrado)'!A78 | B78: ='Inventario ANTERIOR (borrado)'!B78 | C78: =IFERROR(INDEX('Inventario ACTUAL (nuevo)'!$B:$B,MATCH(B78,'Inventario ACTUAL (nuevo)'!$B:$B,0)),"CAJA DE CAMBIO") | D78: =IFERROR(INDEX('Inventario ACTUAL (nuevo)'!$A:$A,MATCH(B78,'Inventario ACTUAL (nuevo)'!$B:$B,0)),"INTMUR7USTJEU") | E78: 86 | G78: =SUMIFS('Movimientos ANTERIOR (detalle)'!$E:$E,'Movimientos ANTERIOR (detalle)'!$A:$A,A78,'Movimientos ANTERIOR (detalle)'!$D:$D,"Entrada") | H78: =SUMIFS('Movimientos ANTERIOR (detalle)'!$E:$E,'Movimientos ANTERIOR (detalle)'!$A:$A,A78,'Movimientos ANTERIOR (detalle)'!$D:$D,"Salida") | I78: ='Inventario ANTERIOR (borrado)'!G78
A79: ='Inventario ANTERIOR (borrado)'!A79 | B79: ='Inventario ANTERIOR (borrado)'!B79 | C79: =IFERROR(INDEX('Inventario ACTUAL (nuevo)'!$B:$B,MATCH(B79,'Inventario ACTUAL (nuevo)'!$B:$B,0)),"") | D79: =IFERROR(INDEX('Inventario ACTUAL (nuevo)'!$A:$A,MATCH(B79,'Inventario ACTUAL (nuevo)'!$B:$B,0)),"") | E79: 64 | G79: =SUMIFS('Movimientos ANTERIOR (detalle)'!$E:$E,'Movimientos ANTERIOR (detalle)'!$A:$A,A79,'Movimientos ANTERIOR (detalle)'!$D:$D,"Entrada") | H79: =SUMIFS('Movimientos ANTERIOR (detalle)'!$E:$E,'Movimientos ANTERIOR (detalle)'!$A:$A,A79,'Movimientos ANTERIOR (detalle)'!$D:$D,"Salida") | I79: ='Inventario ANTERIOR (borrado)'!G79 | J79: SÍ — N° 371 · Colón Moto · 22/09/2026
A80: ='Inventario ANTERIOR (borrado)'!A80 | B80: ='Inventario ANTERIOR (borrado)'!B80 | C80: =IFERROR(INDEX('Inventario ACTUAL (nuevo)'!$B:$B,MATCH(B80,'Inventario ACTUAL (nuevo)'!$B:$B,0)),"") | D80: =IFERROR(INDEX('Inventario ACTUAL (nuevo)'!$A:$A,MATCH(B80,'Inventario ACTUAL (nuevo)'!$B:$B,0)),"") | E80: 69 | G80: =SUMIFS('Movimientos ANTERIOR (detalle)'!$E:$E,'Movimientos ANTERIOR (detalle)'!$A:$A,A80,'Movimientos ANTERIOR (detalle)'!$D:$D,"Entrada") | H80: =SUMIFS('Movimientos ANTERIOR (detalle)'!$E:$E,'Movimientos ANTERIOR (detalle)'!$A:$A,A80,'Movimientos ANTERIOR (detalle)'!$D:$D,"Salida") | I80: ='Inventario ANTERIOR (borrado)'!G80 | J80: SÍ — N° 371 · Colón Moto · 22/09/2026
A81: ='Inventario ANTERIOR (borrado)'!A81 | B81: ='Inventario ANTERIOR (borrado)'!B81 | C81: =IFERROR(INDEX('Inventario ACTUAL (nuevo)'!$B:$B,MATCH(B81,'Inventario ACTUAL (nuevo)'!$B:$B,0)),"") | D81: =IFERROR(INDEX('Inventario ACTUAL (nuevo)'!$A:$A,MATCH(B81,'Inventario ACTUAL (nuevo)'!$B:$B,0)),"") | E81: 54 | G81: =SUMIFS('Movimientos ANTERIOR (detalle)'!$E:$E,'Movimientos ANTERIOR (detalle)'!$A:$A,A81,'Movimientos ANTERIOR (detalle)'!$D:$D,"Entrada") | H81: =SUMIFS('Movimientos ANTERIOR (detalle)'!$E:$E,'Movimientos ANTERIOR (detalle)'!$A:$A,A81,'Movimientos ANTERIOR (detalle)'!$D:$D,"Salida") | I81: ='Inventario ANTERIOR (borrado)'!G81
A82: ='Inventario ANTERIOR (borrado)'!A82 | B82: ='Inventario ANTERIOR (borrado)'!B82 | C82: =IFERROR(INDEX('Inventario ACTUAL (nuevo)'!$B:$B,MATCH(B82,'Inventario ACTUAL (nuevo)'!$B:$B,0)),"PIÑON DE VELOCÍMETRO") | D82: =IFERROR(INDEX('Inventario ACTUAL (nuevo)'!$A:$A,MATCH(B82,'Inventario ACTUAL (nuevo)'!$B:$B,0)),"INTMUR7GIFU52") | E82: 100 | G82: =SUMIFS('Movimientos ANTERIOR (detalle)'!$E:$E,'Movimientos ANTERIOR (detalle)'!$A:$A,A82,'Movimientos ANTERIOR (detalle)'!$D:$D,"Entrada") | H82: =SUMIFS('Movimientos ANTERIOR (detalle)'!$E:$E,'Movimientos ANTERIOR (detalle)'!$A:$A,A82,'Movimientos ANTERIOR (detalle)'!$D:$D,"Salida") | I82: ='Inventario ANTERIOR (borrado)'!G82
A83: ='Inventario ANTERIOR (borrado)'!A83 | B83: ='Inventario ANTERIOR (borrado)'!B83 | C83: =IFERROR(INDEX('Inventario ACTUAL (nuevo)'!$B:$B,MATCH(B83,'Inventario ACTUAL (nuevo)'!$B:$B,0)),"PISTA DE TIMÓN") | D83: =IFERROR(INDEX('Inventario ACTUAL (nuevo)'!$A:$A,MATCH(B83,'Inventario ACTUAL (nuevo)'!$B:$B,0)),"INTMUR813H8QA") | E83: 100 | G83: =SUMIFS('Movimientos ANTERIOR (detalle)'!$E:$E,'Movimientos ANTERIOR (detalle)'!$A:$A,A83,'Movimientos ANTERIOR (detalle)'!$D:$D,"Entrada") | H83: =SUMIFS('Movimientos ANTERIOR (detalle)'!$E:$E,'Movimientos ANTERIOR (detalle)'!$A:$A,A83,'Movimientos ANTERIOR (detalle)'!$D:$D,"Salida") | I83: ='Inventario ANTERIOR (borrado)'!G83
A84: ='Inventario ANTERIOR (borrado)'!A84 | B84: ='Inventario ANTERIOR (borrado)'!B84 | C84: =IFERROR(INDEX('Inventario ACTUAL (nuevo)'!$B:$B,MATCH(B84,'Inventario ACTUAL (nuevo)'!$B:$B,0)),"") | D84: =IFERROR(INDEX('Inventario ACTUAL (nuevo)'!$A:$A,MATCH(B84,'Inventario ACTUAL (nuevo)'!$B:$B,0)),"") | E84: 61 | G84: =SUMIFS('Movimientos ANTERIOR (detalle)'!$E:$E,'Movimientos ANTERIOR (detalle)'!$A:$A,A84,'Movimientos ANTERIOR (detalle)'!$D:$D,"Entrada") | H84: =SUMIFS('Movimientos ANTERIOR (detalle)'!$E:$E,'Movimientos ANTERIOR (detalle)'!$A:$A,A84,'Movimientos ANTERIOR (detalle)'!$D:$D,"Salida") | I84: ='Inventario ANTERIOR (borrado)'!G84
A85: ='Inventario ANTERIOR (borrado)'!A85 | B85: ='Inventario ANTERIOR (borrado)'!B85 | C85: =IFERROR(INDEX('Inventario ACTUAL (nuevo)'!$B:$B,MATCH(B85,'Inventario ACTUAL (nuevo)'!$B:$B,0)),"") | D85: =IFERROR(INDEX('Inventario ACTUAL (nuevo)'!$A:$A,MATCH(B85,'Inventario ACTUAL (nuevo)'!$B:$B,0)),"") | E85: 48 | G85: =SUMIFS('Movimientos ANTERIOR (detalle)'!$E:$E,'Movimientos ANTERIOR (detalle)'!$A:$A,A85,'Movimientos ANTERIOR (detalle)'!$D:$D,"Entrada") | H85: =SUMIFS('Movimientos ANTERIOR (detalle)'!$E:$E,'Movimientos ANTERIOR (detalle)'!$A:$A,A85,'Movimientos ANTERIOR (detalle)'!$D:$D,"Salida") | I85: ='Inventario ANTERIOR (borrado)'!G85
A86: ='Inventario ANTERIOR (borrado)'!A86 | B86: ='Inventario ANTERIOR (borrado)'!B86 | C86: =IFERROR(INDEX('Inventario ACTUAL (nuevo)'!$B:$B,MATCH(B86,'Inventario ACTUAL (nuevo)'!$B:$B,0)),"LIQUIDO DE FRENO") | D86: =IFERROR(INDEX('Inventario ACTUAL (nuevo)'!$A:$A,MATCH(B86,'Inventario ACTUAL (nuevo)'!$B:$B,0)),"INTMUR82H7ODJ") | E86: 80 | G86: =SUMIFS('Movimientos ANTERIOR (detalle)'!$E:$E,'Movimientos ANTERIOR (detalle)'!$A:$A,A86,'Movimientos ANTERIOR (detalle)'!$D:$D,"Entrada") | H86: =SUMIFS('Movimientos ANTERIOR (detalle)'!$E:$E,'Movimientos ANTERIOR (detalle)'!$A:$A,A86,'Movimientos ANTERIOR (detalle)'!$D:$D,"Salida") | I86: ='Inventario ANTERIOR (borrado)'!G86
A87: ='Inventario ANTERIOR (borrado)'!A87 | B87: ='Inventario ANTERIOR (borrado)'!B87 | C87: =IFERROR(INDEX('Inventario ACTUAL (nuevo)'!$B:$B,MATCH(B87,'Inventario ACTUAL (nuevo)'!$B:$B,0)),"CATALINA") | D87: =IFERROR(INDEX('Inventario ACTUAL (nuevo)'!$A:$A,MATCH(B87,'Inventario ACTUAL (nuevo)'!$B:$B,0)),"INTMUR88B7PQK") | E87: 73 | G87: =SUMIFS('Movimientos ANTERIOR (detalle)'!$E:$E,'Movimientos ANTERIOR (detalle)'!$A:$A,A87,'Movimientos ANTERIOR (detalle)'!$D:$D,"Entrada") | H87: =SUMIFS('Movimientos ANTERIOR (detalle)'!$E:$E,'Movimientos ANTERIOR (detalle)'!$A:$A,A87,'Movimientos ANTERIOR (detalle)'!$D:$D,"Salida") | I87: ='Inventario ANTERIOR (borrado)'!G87
A88: ='Inventario ANTERIOR (borrado)'!A88 | B88: ='Inventario ANTERIOR (borrado)'!B88 | C88: =IFERROR(INDEX('Inventario ACTUAL (nuevo)'!$B:$B,MATCH(B88,'Inventario ACTUAL (nuevo)'!$B:$B,0)),"PORTA ZAPATA") | D88: =IFERROR(INDEX('Inventario ACTUAL (nuevo)'!$A:$A,MATCH(B88,'Inventario ACTUAL (nuevo)'!$B:$B,0)),"INTMUR7H8IR7G") | E88: 100 | G88: =SUMIFS('Movimientos ANTERIOR (detalle)'!$E:$E,'Movimientos ANTERIOR (detalle)'!$A:$A,A88,'Movimientos ANTERIOR (detalle)'!$D:$D,"Entrada") | H88: =SUMIFS('Movimientos ANTERIOR (detalle)'!$E:$E,'Movimientos ANTERIOR (detalle)'!$A:$A,A88,'Movimientos ANTERIOR (detalle)'!$D:$D,"Salida") | I88: ='Inventario ANTERIOR (borrado)'!G88
A89: ='Inventario ANTERIOR (borrado)'!A89 | B89: ='Inventario ANTERIOR (borrado)'!B89 | C89: =IFERROR(INDEX('Inventario ACTUAL (nuevo)'!$B:$B,MATCH(B89,'Inventario ACTUAL (nuevo)'!$B:$B,0)),"PORTA ZAPATA") | D89: =IFERROR(INDEX('Inventario ACTUAL (nuevo)'!$A:$A,MATCH(B89,'Inventario ACTUAL (nuevo)'!$B:$B,0)),"INTMUR7H8IR7G") | E89: 100 | G89: =SUMIFS('Movimientos ANTERIOR (detalle)'!$E:$E,'Movimientos ANTERIOR (detalle)'!$A:$A,A89,'Movimientos ANTERIOR (detalle)'!$D:$D,"Entrada") | H89: =SUMIFS('Movimientos ANTERIOR (detalle)'!$E:$E,'Movimientos ANTERIOR (detalle)'!$A:$A,A89,'Movimientos ANTERIOR (detalle)'!$D:$D,"Salida") | I89: ='Inventario ANTERIOR (borrado)'!G89
A90: ='Inventario ANTERIOR (borrado)'!A90 | B90: ='Inventario ANTERIOR (borrado)'!B90 | C90: =IFERROR(INDEX('Inventario ACTUAL (nuevo)'!$B:$B,MATCH(B90,'Inventario ACTUAL (nuevo)'!$B:$B,0)),"Eje DELANTERO") | D90: =IFERROR(INDEX('Inventario ACTUAL (nuevo)'!$A:$A,MATCH(B90,'Inventario ACTUAL (nuevo)'!$B:$B,0)),"INTMUWUAG0EKQ") | E90: 71 | G90: =SUMIFS('Movimientos ANTERIOR (detalle)'!$E:$E,'Movimientos ANTERIOR (detalle)'!$A:$A,A90,'Movimientos ANTERIOR (detalle)'!$D:$D,"Entrada") | H90: =SUMIFS('Movimientos ANTERIOR (detalle)'!$E:$E,'Movimientos ANTERIOR (detalle)'!$A:$A,A90,'Movimientos ANTERIOR (detalle)'!$D:$D,"Salida") | I90: ='Inventario ANTERIOR (borrado)'!G90
A91: ='Inventario ANTERIOR (borrado)'!A91 | B91: ='Inventario ANTERIOR (borrado)'!B91 | C91: =IFERROR(INDEX('Inventario ACTUAL (nuevo)'!$B:$B,MATCH(B91,'Inventario ACTUAL (nuevo)'!$B:$B,0)),"") | D91: =IFERROR(INDEX('Inventario ACTUAL (nuevo)'!$A:$A,MATCH(B91,'Inventario ACTUAL (nuevo)'!$B:$B,0)),"") | E91: 63 | G91: =SUMIFS('Movimientos ANTERIOR (detalle)'!$E:$E,'Movimientos ANTERIOR (detalle)'!$A:$A,A91,'Movimientos ANTERIOR (detalle)'!$D:$D,"Entrada") | H91: =SUMIFS('Movimientos ANTERIOR (detalle)'!$E:$E,'Movimientos ANTERIOR (detalle)'!$A:$A,A91,'Movimientos ANTERIOR (detalle)'!$D:$D,"Salida") | I91: ='Inventario ANTERIOR (borrado)'!G91
A92: ='Inventario ANTERIOR (borrado)'!A92 | B92: ='Inventario ANTERIOR (borrado)'!B92 | C92: =IFERROR(INDEX('Inventario ACTUAL (nuevo)'!$B:$B,MATCH(B92,'Inventario ACTUAL (nuevo)'!$B:$B,0)),"") | D92: =IFERROR(INDEX('Inventario ACTUAL (nuevo)'!$A:$A,MATCH(B92,'Inventario ACTUAL (nuevo)'!$B:$B,0)),"") | E92: 62 | G92: =SUMIFS('Movimientos ANTERIOR (detalle)'!$E:$E,'Movimientos ANTERIOR (detalle)'!$A:$A,A92,'Movimientos ANTERIOR (detalle)'!$D:$D,"Entrada") | H92: =SUMIFS('Movimientos ANTERIOR (detalle)'!$E:$E,'Movimientos ANTERIOR (detalle)'!$A:$A,A92,'Movimientos ANTERIOR (detalle)'!$D:$D,"Salida") | I92: ='Inventario ANTERIOR (borrado)'!G92
A93: ='Inventario ANTERIOR (borrado)'!A93 | B93: ='Inventario ANTERIOR (borrado)'!B93 | C93: =IFERROR(INDEX('Inventario ACTUAL (nuevo)'!$B:$B,MATCH(B93,'Inventario ACTUAL (nuevo)'!$B:$B,0)),"") | D93: =IFERROR(INDEX('Inventario ACTUAL (nuevo)'!$A:$A,MATCH(B93,'Inventario ACTUAL (nuevo)'!$B:$B,0)),"") | E93: 56 | G93: =SUMIFS('Movimientos ANTERIOR (detalle)'!$E:$E,'Movimientos ANTERIOR (detalle)'!$A:$A,A93,'Movimientos ANTERIOR (detalle)'!$D:$D,"Entrada") | H93: =SUMIFS('Movimientos ANTERIOR (detalle)'!$E:$E,'Movimientos ANTERIOR (detalle)'!$A:$A,A93,'Movimientos ANTERIOR (detalle)'!$D:$D,"Salida") | I93: ='Inventario ANTERIOR (borrado)'!G93
A94: ='Inventario ANTERIOR (borrado)'!A94 | B94: ='Inventario ANTERIOR (borrado)'!B94 | C94: =IFERROR(INDEX('Inventario ACTUAL (nuevo)'!$B:$B,MATCH(B94,'Inventario ACTUAL (nuevo)'!$B:$B,0)),"") | D94: =IFERROR(INDEX('Inventario ACTUAL (nuevo)'!$A:$A,MATCH(B94,'Inventario ACTUAL (nuevo)'!$B:$B,0)),"") | E94: 62 | G94: =SUMIFS('Movimientos ANTERIOR (detalle)'!$E:$E,'Movimientos ANTERIOR (detalle)'!$A:$A,A94,'Movimientos ANTERIOR (detalle)'!$D:$D,"Entrada") | H94: =SUMIFS('Movimientos ANTERIOR (detalle)'!$E:$E,'Movimientos ANTERIOR (detalle)'!$A:$A,A94,'Movimientos ANTERIOR (detalle)'!$D:$D,"Salida") | I94: ='Inventario ANTERIOR (borrado)'!G94
A95: ='Inventario ANTERIOR (borrado)'!A95 | B95: ='Inventario ANTERIOR (borrado)'!B95 | C95: =IFERROR(INDEX('Inventario ACTUAL (nuevo)'!$B:$B,MATCH(B95,'Inventario ACTUAL (nuevo)'!$B:$B,0)),"") | D95: =IFERROR(INDEX('Inventario ACTUAL (nuevo)'!$A:$A,MATCH(B95,'Inventario ACTUAL (nuevo)'!$B:$B,0)),"") | E95: 62 | G95: =SUMIFS('Movimientos ANTERIOR (detalle)'!$E:$E,'Movimientos ANTERIOR (detalle)'!$A:$A,A95,'Movimientos ANTERIOR (detalle)'!$D:$D,"Entrada") | H95: =SUMIFS('Movimientos ANTERIOR (detalle)'!$E:$E,'Movimientos ANTERIOR (detalle)'!$A:$A,A95,'Movimientos ANTERIOR (detalle)'!$D:$D,"Salida") | I95: ='Inventario ANTERIOR (borrado)'!G95
A96: ='Inventario ANTERIOR (borrado)'!A96 | B96: ='Inventario ANTERIOR (borrado)'!B96 | C96: =IFERROR(INDEX('Inventario ACTUAL (nuevo)'!$B:$B,MATCH(B96,'Inventario ACTUAL (nuevo)'!$B:$B,0)),"") | D96: =IFERROR(INDEX('Inventario ACTUAL (nuevo)'!$A:$A,MATCH(B96,'Inventario ACTUAL (nuevo)'!$B:$B,0)),"") | E96: 57 | G96: =SUMIFS('Movimientos ANTERIOR (detalle)'!$E:$E,'Movimientos ANTERIOR (detalle)'!$A:$A,A96,'Movimientos ANTERIOR (detalle)'!$D:$D,"Entrada") | H96: =SUMIFS('Movimientos ANTERIOR (detalle)'!$E:$E,'Movimientos ANTERIOR (detalle)'!$A:$A,A96,'Movimientos ANTERIOR (detalle)'!$D:$D,"Salida") | I96: ='Inventario ANTERIOR (borrado)'!G96
A97: ='Inventario ANTERIOR (borrado)'!A97 | B97: ='Inventario ANTERIOR (borrado)'!B97 | C97: =IFERROR(INDEX('Inventario ACTUAL (nuevo)'!$B:$B,MATCH(B97,'Inventario ACTUAL (nuevo)'!$B:$B,0)),"RULIMAN -6204") | D97: =IFERROR(INDEX('Inventario ACTUAL (nuevo)'!$A:$A,MATCH(B97,'Inventario ACTUAL (nuevo)'!$B:$B,0)),"INTMUR7FAZ1ZT") | E97: 92 | G97: =SUMIFS('Movimientos ANTERIOR (detalle)'!$E:$E,'Movimientos ANTERIOR (detalle)'!$A:$A,A97,'Movimientos ANTERIOR (detalle)'!$D:$D,"Entrada") | H97: =SUMIFS('Movimientos ANTERIOR (detalle)'!$E:$E,'Movimientos ANTERIOR (detalle)'!$A:$A,A97,'Movimientos ANTERIOR (detalle)'!$D:$D,"Salida") | I97: ='Inventario ANTERIOR (borrado)'!G97
A98: ='Inventario ANTERIOR (borrado)'!A98 | B98: ='Inventario ANTERIOR (borrado)'!B98 | C98: =IFERROR(INDEX('Inventario ACTUAL (nuevo)'!$B:$B,MATCH(B98,'Inventario ACTUAL (nuevo)'!$B:$B,0)),"RULIMAN -6204") | D98: =IFERROR(INDEX('Inventario ACTUAL (nuevo)'!$A:$A,MATCH(B98,'Inventario ACTUAL (nuevo)'!$B:$B,0)),"INTMUR7FAZ1ZT") | E98: 100 | G98: =SUMIFS('Movimientos ANTERIOR (detalle)'!$E:$E,'Movimientos ANTERIOR (detalle)'!$A:$A,A98,'Movimientos ANTERIOR (detalle)'!$D:$D,"Entrada") | H98: =SUMIFS('Movimientos ANTERIOR (detalle)'!$E:$E,'Movimientos ANTERIOR (detalle)'!$A:$A,A98,'Movimientos ANTERIOR (detalle)'!$D:$D,"Salida") | I98: ='Inventario ANTERIOR (borrado)'!G98
A99: ='Inventario ANTERIOR (borrado)'!A99 | B99: ='Inventario ANTERIOR (borrado)'!B99 | C99: =IFERROR(INDEX('Inventario ACTUAL (nuevo)'!$B:$B,MATCH(B99,'Inventario ACTUAL (nuevo)'!$B:$B,0)),"RULIMAN -6204") | D99: =IFERROR(INDEX('Inventario ACTUAL (nuevo)'!$A:$A,MATCH(B99,'Inventario ACTUAL (nuevo)'!$B:$B,0)),"INTMUR7FAZ1ZT") | E99: 100 | G99: =SUMIFS('Movimientos ANTERIOR (detalle)'!$E:$E,'Movimientos ANTERIOR (detalle)'!$A:$A,A99,'Movimientos ANTERIOR (detalle)'!$D:$D,"Entrada") | H99: =SUMIFS('Movimientos ANTERIOR (detalle)'!$E:$E,'Movimientos ANTERIOR (detalle)'!$A:$A,A99,'Movimientos ANTERIOR (detalle)'!$D:$D,"Salida") | I99: ='Inventario ANTERIOR (borrado)'!G99
A100: ='Inventario ANTERIOR (borrado)'!A100 | B100: ='Inventario ANTERIOR (borrado)'!B100 | C100: =IFERROR(INDEX('Inventario ACTUAL (nuevo)'!$B:$B,MATCH(B100,'Inventario ACTUAL (nuevo)'!$B:$B,0)),"RULIMAN 6301") | D100: =IFERROR(INDEX('Inventario ACTUAL (nuevo)'!$A:$A,MATCH(B100,'Inventario ACTUAL (nuevo)'!$B:$B,0)),"INTMUR7ZW06JI") | E100: 100 | G100: =SUMIFS('Movimientos ANTERIOR (detalle)'!$E:$E,'Movimientos ANTERIOR (detalle)'!$A:$A,A100,'Movimientos ANTERIOR (detalle)'!$D:$D,"Entrada") | H100: =SUMIFS('Movimientos ANTERIOR (detalle)'!$E:$E,'Movimientos ANTERIOR (detalle)'!$A:$A,A100,'Movimientos ANTERIOR (detalle)'!$D:$D,"Salida") | I100: ='Inventario ANTERIOR (borrado)'!G100
...

Sheet Inventario ANTERIOR (borrado)
A1: Código anterior | B1: Producto | C1: Categoría | D1: Ubicación | E1: Entradas totales | F1: Salidas totales | G1: Stock al respaldo
A2: 067 | B2: ACCESORIO BOTÓN PRENDE Y APAGA 2CABLE | C2: SUZUKI | E2: 70 | F2: 0 | G2: 70
A3: 068 | B3: AMORTIGUADOR GN125 POSTERIOR | C3: SUZUKI | E3: 29 | F3: 0 | G3: 29
A4: 041 | B4: ANILLO DE FUEGO | C4: SUZUKI | D4: DURAN | E4: 104 | F4: 5 | G4: 99
A5: 020 | B5: ARO DELANTERO | C5: SUZUKI | D5: DURAN | E5: 0 | F5: 0 | G5: 0
A6: 069 | B6: ARO POST GN 125 REFORZADO | C6: SUZUKI | E6: 15 | F6: 0 | G6: 15
A7: 021 | B7: ARO TRASERO | C7: SUZUKI | D7: DURAN | E7: 0 | F7: 0 | G7: 0
A8: 071 | B8: AUTOMÁTICO GN 125 SIN CABLE | C8: SUZUKI | E8: 35 | F8: 0 | G8: 35
A9: 073 | B9: BARRA TELESCÓPICA GN125 NOVA | C9: SUZUKI | E9: 27 | F9: 0 | G9: 27
A10: 076 | B10: BATERIA | C10: SUZUKI | E10: 29 | F10: 0 | G10: 29
A11: 074 | B11: BENDIX | C11: SUZUKI | E11: 30 | F11: 0 | G11: 30
A12: 075 | B12: BOBIN CENTRAL GN 125 | C12: SUZUKI | E12: 0 | F12: 0 | G12: 0
A13: 045 | B13: BOBINA DE BUJIA | C13: SUZUKI | D13: DURAN | E13: 25 | F13: 0 | G13: 25
A14: 031 | B14: BOBINA DE CAMPO | C14: SUZUKI | D14: DURAN | E14: 35 | F14: 2 | G14: 33
A15: 0075 | B15: BOCÍN CENTRAL GN125 | C15: SUZUKI | E15: 80 | F15: 0 | G15: 80
A16: 003 | B16: BOLLA DE TANQUE | C16: SUZUKI | D16: CASA DURAN | E16: 0 | F16: 0 | G16: 0
A17: 057 | B17: BOMBA DE FRENO DELANTERO | C17: SUZUKI | D17: DURAN | E17: 0 | F17: 0 | G17: 0
A18: 730143313377 | B18: borrar amd | E18: 3 | F18: 0 | G18: 3
A19: 813002010089 | B19: borrar pilas | E19: 5 | F19: 0 | G19: 5
A20: 6935364085476 | B20: borrar tplink | E20: 5 | F20: 0 | G20: 5
A21: 062 | B21: BUJIAS | C21: SUZUKI | D21: DURAN | E21: 100 | F21: 0 | G21: 100
A22: 082 | B22: CABEZOTE COMPLETO GN125 | C22: SUZUKI | E22: 13 | F22: 0 | G22: 13
A23: 038 | B23: CABLE DE EMBRAGUE | C23: SUZUKI | D23: DURAN | E23: 0 | F23: 0 | G23: 0
A24: 078 | B24: CABLE DE EMBRAGUE GN125 | C24: SUZUKI | E24: 122 | F24: 3 | G24: 119
A25: 036 | B25: CABLE DE REVOLUCION | C25: SUZUKI | D25: DURAN | E25: 0 | F25: 0 | G25: 0
A26: 037 | B26: CABLE DE VELOCIDAD | C26: SUZUKI | D26: DURAN | E26: 30 | F26: 0 | G26: 30
A27: 077 | B27: CACHIMBA SOLA CG125 | C27: SUZUKI | E27: 50 | F27: 2 | G27: 48
A28: 080 | B28: CADENA 428H-132L | C28: SUZUKI | E28: 73 | F28: 3 | G28: 70
A29: 046 | B29: CADENILLA DE MOTOR | C29: SUZUKI | D29: DURAN | E29: 30 | F29: 7 | G29: 23
A30: 042 | B30: CAJA DE CAMBIO | C30: SUZUKI | D30: DURAN | E30: 0 | F30: 0 | G30: 0
A31: 022 | B31: CAÑA DE ACELERADOR | C31: SUZUKI | D31: DURAN | E31: 0 | F31: 0 | G31: 0
A32: 017 | B32: CARTONES DE PARCHE | C32: SUZUKI | D32: DURAN | E32: 0 | F32: 0 | G32: 0
A33: 081 | B33: CATALINA ACERO PULIDO GN125 | C33: SUZUKI | E33: 73 | F33: 3 | G33: 70
A34: 070 | B34: CAUCHO DE TANQUE GN | C34: SUZUKI | E34: 50 | F34: 0 | G34: 50
A35: 079 | B35: CAUCHO DE VALVULAS | C35: SUZUKI | E35: 30 | F35: 5 | G35: 25
A36: 032 | B36: CDI | C36: SUZUKI | D36: DURAN | E36: 20 | F36: 0 | G36: 20
A37: 083 | B37: CILINDRO GN125 | C37: SUZUKI | E37: 13 | F37: 6 | G37: 7
A38: 072 | B38: CINTA AISLANTE | C38: SUZUKI | E38: 50 | F38: 2 | G38: 48
A39: 034 | B39: DISCO DE FRENO DELANTERO | C39: SUZUKI | D39: DURAN | E39: 20 | F39: 0 | G39: 20
A40: 065 | B40: DOBLE PATA | C40: SUZUKI | D40: DURAN | E40: 0 | F40: 0 | G40: 0
A41: 027 | B41: EJE DE CAMBIO | C41: SUZUKI | D41: DURAN | E41: 0 | F41: 0 | G41: 0
A42: 026 | B42: EJE DELANTERO | C42: SUZUKI | D42: DURAN | E42: 0 | F42: 0 | G42: 0
A43: 025 | B43: EJE TRASERO | C43: SUZUKI | D43: DURAN | E43: 0 | F43: 0 | G43: 0
A44: 009 | B44: ESCAPE | C44: SUZUKI | D44: CASA DURAN | E44: 29 | F44: 0 | G44: 29
A45: 0113 | B45: ESPEJO GN NOVA | E45: 0 | F45: 0 | G45: 0
A46: 058 | B46: ESPEJOS (PARES) | C46: SUZUKI | D46: DURAN | E46: 50 | F46: 6 | G46: 44
A47: 084 | B47: ESTRIBO DELANTERO GN125 | C47: SUZUKI | E47: 40 | F47: 0 | G47: 40
A48: 085 | B48: ESTRIBO POSTERIOR GN125 | C48: SUZUKI | E48: 40 | F48: 0 | G48: 40
A49: 086 | B49: FARO GN125 NOVA | C49: SUZUKI | E49: 37 | F49: 7 | G49: 30
A50: 048 | B50: FILTRO DE ACEITE | C50: SUZUKI | D50: DURAN | E50: 124 | F50: 0 | G50: 124
A51: 012 | B51: FILTRO DE AIRE | C51: SUZUKI | D51: DURAN | E51: 23 | F51: 0 | G51: 23
A52: 087 | B52: FOCO 2 PUNTOS LED BLANCO | C52: SUZUKI | E52: 80 | F52: 10 | G52: 70
A53: 064 | B53: FOCO DE BUJIAS | C53: SUZUKI | D53: DURAN | E53: 0 | F53: 0 | G53: 0
A54: 039 | B54: FOCO LEX | C54: SUZUKI | D54: DURAN | E54: 0 | F54: 0 | G54: 0
A55: 004 | B55: FORRO DE MONTURA | C55: SUZUKI | D55: CASA DURAN | E55: 0 | F55: 0 | G55: 0
A56: 088 | B56: GALLETA DE FRENO GN125 | C56: SUZUKI | E56: 117 | F56: 0 | G56: 117
A57: 090 | B57: GUÍA DIRECCIONAL DELANTEROA GN125 | C57: SUZUKI | E57: 25 | F57: 8 | G57: 17
A58: 089 | B58: GUÍA DIRECCIONAL POSTERIOR GN125 | C58: SUZUKI | E58: 43 | F58: 0 | G58: 43
A59: 0110 | B59: INSTALACIÓN ELÉCTRICA | E59: 15 | F59: 0 | G59: 15
A60: 044 | B60: JUEGO DE EMPAQUE | C60: SUZUKI | D60: DURAN | E60: 23 | F60: 6 | G60: 17
A61: 091 | B61: KIT DE PISTÓN GN125 | C61: SUZUKI | E61: 25 | F61: 0 | G61: 25
A62: 001 | B62: LLANTAS DELANTERAS | C62: SUZUKI | D62: BODEGA DURAN | E62: 11 | F62: 0 | G62: 11
A63: 002 | B63: LLANTAS TRASERAS | C63: SUZUKI | D63: CASA DURAN | E63: 10 | F63: 0 | G63: 10
A64: 007 | B64: MANDO DE ENCENDIDO | C64: SUZUKI | D64: CASA DURAN | E64: 0 | F64: 0 | G64: 0
A65: 006 | B65: MANDO DE LUCES | C65: SUZUKI | D65: CASA DURAN | E65: 0 | F65: 0 | G65: 0
A66: 035 | B66: MANGUERA DE FRENO DELANTERO | C66: SUZUKI | D66: DURAN | E66: 0 | F66: 0 | G66: 0
A67: 056 | B67: MANIJA DE EMBRAGUE | C67: SUZUKI | D67: DURAN | E67: 34 | F67: 0 | G67: 34
A68: 092 | B68: MANIJA DE EMBRAGUE COMPLETA | C68: SUZUKI | E68: 0 | F68: 0 | G68: 0
A69: 093 | B69: MAYA PARA MONTURA | C69: SUZUKI | E69: 50 | F69: 0 | G69: 50
A70: 016 | B70: MONTURAS | C70: SUZUKI | D70: DURAN | E70: 9 | F70: 0 | G70: 9
A71: 061 | B71: MORDAZA | C71: SUZUKI | D71: DURAN | E71: 0 | F71: 0 | G71: 0
A72: 060 | B72: MORDAZA | C72: SUZUKI | D72: DURAN | E72: 40 | F72: 0 | G72: 40
A73: 094 | B73: MORDAZA DE FRENO DELANTERO | C73: SUZUKI | E73: 0 | F73: 0 | G73: 0
A74: 043 | B74: MOTOR DE ARRANQUE | C74: SUZUKI | D74: DURAN | E74: 3 | F74: 0 | G74: 3
A75: 024 | B75: PASE DE GASOLINA | C75: SUZUKI | D75: DURAN | E75: 17 | F75: 0 | G75: 17
A76: 066 | B76: PASTILLAS | C76: SUZUKI | D76: DURAN | E76: 0 | F76: 0 | G76: 0
A77: 095 | B77: PATA DE APOYO | C77: SUZUKI | E77: 36 | F77: 0 | G77: 36
A78: 030 | B78: PATA DE CAMBIO | C78: SUZUKI | D78: DURAN | E78: 50 | F78: 0 | G78: 50
A79: 096 | B79: PERNO DE CATALINA | C79: SUZUKI | E79: 93 | F79: 3 | G79: 90
A80: 019 | B80: PIÑON DE MOTRIZ | C80: SUZUKI | D80: DURAN | E80: 151 | F80: 3 | G80: 148
A81: 097 | B81: PIÑON DE MOTRIZ ACERO PULIDO | C81: SUZUKI | E81: 0 | F81: 0 | G81: 0
A82: 098 | B82: PIÑON DE VELOCÍMETRO | C82: SUZUKI | E82: 40 | F82: 0 | G82: 40
A83: 050 | B83: PISTA DE TIMON | C83: SUZUKI | D83: DURAN | E83: 0 | F83: 0 | G83: 0
A84: 0114 | B84: PISTA DE TIMÓN GN125 CON RULIMAN | E84: 74 | F84: 4 | G84: 70
A85: 01101 | B85: PITO 12V PEQUEÑO | E85: 40 | F85: 0 | G85: 40
A86: 023 | B86: POMA DE LIQUIDO DE FRENO | C86: SUZUKI | D86: DURAN | E86: 0 | F86: 0 | G86: 0
A87: 099 | B87: PORTA CATALINA | E87: 40 | F87: 0 | G87: 40
A88: 029 | B88: PORTA ZAPATA | C88: SUZUKI | D88: DURAN | E88: 0 | F88: 0 | G88: 0
A89: 0100 | B89: PORTA ZAPATA | E89: 15 | F89: 0 | G89: 15
A90: 049 | B90: POSA PIE DELANTERO | C90: SUZUKI | D90: DURAN | E90: 0 | F90: 0 | G90: 0
A91: 028 | B91: POSA PIE TRASERO (PARES) | C91: SUZUKI | D91: DURAN | E91: 0 | F91: 0 | G91: 0
A92: 9MQ8606S50393 | B92: producto de prueba borra | E92: 1 | F92: 0 | G92: 1
A93: 7862110202551 | B93: producto de prueba crema | E93: 5 | F93: 0 | G93: 5
A94: 033 | B94: RECTIFICADOR | C94: SUZUKI | D94: DURAN | E94: 0 | F94: 0 | G94: 0
A95: 051 | B95: RECTIFICADOR | C95: SUZUKI | D95: DURAN | E95: 0 | F95: 0 | G95: 0
A96: 063 | B96: RELAY | C96: SUZUKI | D96: DURAN | E96: 0 | F96: 0 | G96: 0
A97: 054 | B97: RULIMAN 6203 | C97: SUZUKI | D97: DURAN | E97: 0 | F97: 0 | G97: 0
A98: 052 | B98: RULIMAN 6204 | C98: SUZUKI | D98: DURAN | E98: 0 | F98: 0 | G98: 0
A99: 0102 | B99: RULIMAN 6204 | E99: 50 | F99: 6 | G99: 44
A100: 055 | B100: RULIMAN 6301 | C100: SUZUKI | D100: DURAN | E100: 0 | F100: 0 | G100: 0
...

Sheet Inventario ACTUAL (nuevo)
A1: Código nuevo | B1: Producto | C1: Categoría | D1: Ubicación | E1: Entradas totales | F1: Salidas totales | G1: Stock actual | H1: Para elegir (producto — código)
A2: INTMUR8220Q8C | B2: AMORTIGUADORES | E2: 14 | F2: 2 | G2: 12 | H2: AMORTIGUADORES — INTMUR8220Q8C
A3: INTMUR8DE0Z74 | B3: ANILLO | E3: 115 | F3: 14 | G3: 101 | H3: ANILLO — INTMUR8DE0Z74
A4: INTMV1KMVXFR5 | B4: ARANDELAS | E4: 8 | F4: 0 | G4: 8 | H4: ARANDELAS — INTMV1KMVXFR5
A5: INTMV1KKDKP5W | B5: ARBOL DE LEVA | E5: 3 | F5: 0 | G5: 3 | H5: ARBOL DE LEVA — INTMV1KKDKP5W
A6: INTMUR86PL0CA | B6: ASIENTO | E6: 9 | F6: 0 | G6: 9 | H6: ASIENTO — INTMUR86PL0CA
A7: INTMUR7506ZJG | B7: AUTOMÁTICO | E7: 33 | F7: 5 | G7: 28 | H7: AUTOMÁTICO — INTMUR7506ZJG
A8: INTMUR838GUDV | B8: BARA TELESCÓPICA | E8: 15 | F8: 0 | G8: 15 | H8: BARA TELESCÓPICA — INTMUR838GUDV
A9: INTMUR7METY7D | B9: BATERIA | E9: 18 | F9: 0 | G9: 18 | H9: BATERIA — INTMUR7METY7D
A10: INTMUR6CGIKOQ | B10: BENDIX | E10: 32 | F10: 0 | G10: 32 | H10: BENDIX — INTMUR6CGIKOQ
A11: INTMUR6ET2S6X | B11: BOBINA BUJIA | E11: 34 | F11: 2 | G11: 32 | H11: BOBINA BUJIA — INTMUR6ET2S6X
A12: INTMV1KKSWT28 | B12: BOBINA COR | E12: 4 | F12: 0 | G12: 4 | H12: BOBINA COR — INTMV1KKSWT28
A13: INTMUR75GL041 | B13: BOBINA DE CAMPO | E13: 3 | F13: 2 | G13: 1 | H13: BOBINA DE CAMPO — INTMUR75GL041
... A90: PH06430-0023 | B90: zapata de Freno | E90: 4 | F90: 0 | G90: 4 | H90: zapata de Freno — PH06430-0023

Sheet Movimientos ANTERIOR (detalle)
A1: Código | B1: Producto | C1: Fecha | D1: Tipo | E1: Cantidad | F1: Proveedor / Entregado a | G1: N° Factura / Propósito | H1: Usuario | I1: Saldo después de este movimiento
A2: 067 | B2: ACCESORIO BOTÓN PRENDE Y APAGA 2CABLE | C2: 2026-09-19 | D2: Entrada | E2: 70 | G2: 371 | H2: Administrador del Sistema | I2: 70
A3: 068 | B3: AMORTIGUADOR GN125 POSTERIOR | C3: 2026-09-19 | D3: Entrada | E3: 29 | G3: 731 | H3: Administrador del Sistema | I3: 29
A4: 041 | B4: ANILLO DE FUEGO | C4: 2026-09-19 | D4: Entrada | E4: 104 | H4: Administrador del Sistema | I4: 104
A5: 041 | B5: ANILLO DE FUEGO | C5: 2026-09-26 | D5: Salida | E5: 5 | F5: Coordinador Bone | G5: Taura c | H5: Bodega Durán | I5: 99
A6: 069 | B6: ARO POST GN 125 REFORZADO | C6: 2026-09-19 | D6: Entrada | E6: 4 | H6: Administrador del Sistema | I6: 4
A7: 069 | B7: ARO POST GN 125 REFORZADO | C7: 2026-09-19 | D7: Entrada | E7: 8 | G7: 731 | H7: Administrador del Sistema | I7: 12
A8: 069 | B8: ARO POST GN 125 REFORZADO | C8: 2026-09-19 | D8: Entrada | E8: 3 | H8: Administrador del Sistema | I8: 15
A9: 071 | B9: AUTOMÁTICO GN 125 SIN CABLE | C9: 2026-09-19 | D9: Entrada | E9: 35 | G9: 371 | H9: Administrador del Sistema | I9: 35
A10: 073 | B10: BARRA TELESCÓPICA GN125 NOVA | C10: 2026-09-19 | D10: Entrada | E10: 4 | G10: 371 | H10: Administrador del Sistema | I10: 4
A11: 073 | B11: BARRA TELESCÓPICA GN125 NOVA | C11: 2026-09-19 | D11: Entrada | E11: 23 | H11: Administrador del Sistema | I11: 27
A12: 076 | B12: BATERIA | C12: 2026-09-19 | D12: Entrada | E12: 29 | G12: 731 | H12: Administrador del Sistema | I12: 29
A13: 074 | B13: BENDIX | C13: 2026-09-19 | D13: Entrada | E13: 30 | G13: 431 | H13: Administrador del Sistema | I13: 30
A14: 045 | B14: BOBINA DE BUJIA | C14: 2026-09-19 | D14: Entrada | E14: 25 | H14: Administrador del Sistema | I14: 25
A15: 031 | B15: BOBINA DE CAMPO | C15: 2026-09-19 | D15: Entrada | E15: 25 | G15: 731 | H15: Administrador del Sistema | I15: 25
A16: 031 | B16: BOBINA DE CAMPO | C16: 2026-09-19 | D16: Entrada | E16: 10 | H16: Administrador del Sistema | I16: 35
A17: 031 | B17: BOBINA DE CAMPO | C17: 2026-09-26 | D17: Salida | E17: 2 | F17: Coordinador Bone | G17: Taura c | H17: Bodega Durán | I17: 33
A18: 0075 | B18: BOCÍN CENTRAL GN125 | C18: 2026-09-19 | D18: Entrada | E18: 80 | G18: 371 | H18: Administrador del Sistema | I18: 80
A19: 730143313377 | B19: borrar amd | C19: 2026-09-29 | D19: Entrada | E19: 3 | F19: Conteo físico | H19: Administrador del Sistema | I19: 3
A20: 813002010089 | B20: borrar pilas | C20: 2026-09-30 | D20: Entrada | E20: 5 | F20: Conteo físico | H20: Administrador del Sistema | I20: 5
A21: 6935364085476 | B21: borrar tplink | C21: 2026-09-30 | D21: Entrada | E21: 5 | F21: Conteo físico | H21: Administrador del Sistema | I21: 5
A22: 062 | B22: BUJIAS | C22: 2026-09-19 | D22: Entrada | E22: 100 | G22: 371 | H22: Administrador del Sistema | I22: 100
A23: 082 | B23: CABEZOTE COMPLETO GN125 | C23: 2026-09-19 | D23: Entrada | E23: 13 | G23: 371 | H23: Administrador del Sistema | I23: 13
A24: 078 | B24: CABLE DE EMBRAGUE GN125 | C24: 2026-09-19 | D24: Salida | E24: 3 | F24: Coordinador Ronald Mayorga | G24: Mantenimientos de motos | H24: Administrador del Sistema | I24: -3
A25: 078 | B25: CABLE DE EMBRAGUE GN125 | C25: 2026-09-19 | D25: Entrada | E25: 100 | G25: 371 | H25: Administrador del Sistema | I25: 97
A26: 078 | B26: CABLE DE EMBRAGUE GN125 | C26: 2026-09-19 | D26: Entrada | E26: 22 | F26: bodeg | H26: Administrador del Sistema | I26: 119
A27: 037 | B27: CABLE DE VELOCIDAD | C27: 2026-09-19 | D27: Entrada | E27: 30 | H27: Administrador del Sistema | I27: 30
A28: 077 | B28: CACHIMBA SOLA CG125 | C28: 2026-09-19 | D28: Salida | E28: 2 | F28: Coordinador Ronald Mayorga | G28: Mantenimientos de motos | H28: Administrador del Sistema | I28: -2
A29: 077 | B29: CACHIMBA SOLA CG125 | C29: 2026-09-19 | D29: Entrada | E29: 50 | G29: 731 | H29: Administrador del Sistema | I29: 48
A30: 080 | B30: CADENA 428H-132L | C30: 2026-09-19 | D30: Salida | E30: 3 | F30: Coor Mayorga/Tecnico Toala | G30: Corvinero | H30: Administrador del Sistema | I30: -3
A31: 080 | B31: CADENA 428H-132L | C31: 2026-09-19 | D31: Entrada | E31: 73 | G31: 371 | H31: Administrador del Sistema | I31: 70
A32: 046 | B32: CADENILLA DE MOTOR | C32: 2026-09-19 | D32: Entrada | E32: 30 | H32: Administrador del Sistema | I32: 30
A33: 046 | B33: CADENILLA DE MOTOR | C33: 2026-09-19 | D33: Salida | E33: 5 | F33: Coordinador Ronald Mayorga | G33: Mantenimientos de motos | H33: Administrador del Sistema | I33: 25
A34: 046 | B34: CADENILLA DE MOTOR | C34: 2026-09-26 | D34: Salida | E34: 2 | F34: Coordinador Bone | G34: Taura c | H34: Bodega Durán | I34: 23
A35: 081 | B35: CATALINA ACERO PULIDO GN125 | C35: 2026-09-19 | D35: Salida | E35: 3 | F35: Coordinador Ronald Mayorga | G35: Mantenimientos de motos | H35: Administrador del Sistema | I35: -3
A36: 081 | B36: CATALINA ACERO PULIDO GN125 | C36: 2026-09-19 | D36: Entrada | E36: 73 | G36: 371 | H36: Administrador del Sistema | I36: 70
A37: 070 | B37: CAUCHO DE TANQUE GN | C37: 2026-09-19 | D37: Entrada | E37: 50 | G37: 731 | H37: Administrador del Sistema | I37: 50
A38: 079 | B38: CAUCHO DE VALVULAS | C38: 2026-09-19 | D38: Entrada | E38: 30 | G38: 431 | H38: Administrador del Sistema | I38: 30
A39: 079 | B39: CAUCHO DE VALVULAS | C39: 2026-09-26 | D39: Salida | E39: 5 | F39: Coordinador Bone | G39: Taura c | H39: Bodega Durán | I39: 25
A40: 032 | B40: CDI | C40: 2026-09-19 | D40: Entrada | E40: 20 | G40: 431 | H40: Administrador del Sistema | I40: 20
A41: 083 | B41: CILINDRO GN125 | C41: 2026-09-19 | D41: Salida | E41: 1 | F41: Coor Mayorga/Tecnico Toala | G41: Corvinero | H41: Administrador del Sistema | I41: -1
A42: 083 | B42: CILINDRO GN125 | C42: 2026-09-19 | D42: Entrada | E42: 13 | G42: 731 | H42: Administrador del Sistema | I42: 12
A43: 083 | B43: CILINDRO GN125 | C43: 2026-09-24 | D43: Salida | E43: 3 | F43: Coordinador Ronald Mayorga | G43: Cachugran | H43: Bodega Durán | I43: 9
A44: 083 | B44: CILINDRO GN125 | C44: 2026-09-26 | D44: Salida | E44: 2 | F44: Coordinador Bone | G44: Taura c | H44: Bodega Durán | I44: 7
A45: 072 | B45: CINTA AISLANTE | C45: 2026-09-19 | D45: Salida | E45: 2 | F45: Coor Mayorga/Tecnico Toala | G45: Corvinero | H45: Administrador del Sistema | I45: -2
A46: 072 | B46: CINTA AISLANTE | C46: 2026-09-19 | D46: Entrada | E46: 50 | G46: 431 | H46: Administrador del Sistema | I46: 48
A47: 034 | B47: DISCO DE FRENO DELANTERO | C47: 2026-09-19 | D47: Entrada | E47: 20 | H47: Administrador del Sistema | I47: 20
A48: 009 | B48: ESCAPE | C48: 2026-09-19 | D48: Entrada | E48: 25 | G48: 371 | H48: Administrador del Sistema | I48: 25
A49: 009 | B49: ESCAPE | C49: 2026-09-19 | D49: Entrada | E49: 4 | H49: Administrador del Sistema | I49: 29
A50: 058 | B50: ESPEJOS (PARES) | C50: 2026-09-19 | D50: Entrada | E50: 50 | G50: 431 | H50: Administrador del Sistema | I50: 50
A51: 058 | B51: ESPEJOS (PARES) | C51: 2026-09-24 | D51: Salida | E51: 6 | F51: Coordinador Ronald Mayorga | G51: Cachugran | H51: Bodega Durán | I51: 44
A52: 084 | B52: ESTRIBO DELANTERO GN125 | C52: 2026-09-19 | D52: Entrada | E52: 40 | G52: 371 | H52: Administrador del Sistema | I52: 40
A53: 085 | B53: ESTRIBO POSTERIOR GN125 | C53: 2026-09-19 | D53: Entrada | E53: 40 | H53: Administrador del Sistema | I53: 40
A54: 086 | B54: FARO GN125 NOVA | C54: 2026-09-19 | D54: Salida | E54: 2 | F54: Coor Mayorga/Tecnico Toala | G54: Corvinero | H54: Administrador del Sistema | I54: -2
A55: 086 | B55: FARO GN125 NOVA | C55: 2026-09-19 | D55: Salida | E55: 2 | F55: Coor Mayorga/Tecnico Toala | G55: Corvinero | H55: Administrador del Sistema | I55: -4
A56: 086 | B56: FARO GN125 NOVA | C56: 2026-09-19 | D56: Entrada | E56: 37 | G56: 431 | H56: Administrador del Sistema | I56: 33
A57: 086 | B57: FARO GN125 NOVA | C57: 2026-09-24 | D57: Salida | E57: 3 | F57: Coordinador Ronald Mayorga | G57: Cachugran | H57: Bodega Durán | I57: 30
A58: 048 | B58: FILTRO DE ACEITE | C58: 2026-09-19 | D58: Entrada | E58: 100 | G58: 431 | H58: Administrador del Sistema | I58: 100
A59: 048 | B59: FILTRO DE ACEITE | C59: 2026-09-19 | D59: Entrada | E59: 24 | H59: Administrador del Sistema | I59: 124
A60: 012 | B60: FILTRO DE AIRE | C60: 2026-09-19 | D60: Entrada | E60: 23 | H60: Administrador del Sistema | I60: 23
A61: 087 | B61: FOCO 2 PUNTOS LED BLANCO | C61: 2026-09-19 | D61: Salida | E61: 5 | F61: Coor Mayorga/Tecnico Toala | G61: Corvinero | H61: Administrador del Sistema | I61: -5
A62: 087 | B62: FOCO 2 PUNTOS LED BLANCO | C62: 2026-09-19 | D62: Entrada | E62: 80 | G62: 431 | H62: Administrador del Sistema | I62: 75
A63: 087 | B63: FOCO 2 PUNTOS LED BLANCO | C63: 2026-09-24 | D63: Salida | E63: 5 | F63: Coordinador Ronald Mayorga | G63: Cachugran | H63: Bodega Durán | I63: 70
A64: 088 | B64: GALLETA DE FRENO GN125 | C64: 2026-09-19 | D64: Entrada | E64: 117 | H64: Administrador del Sistema | I64: 117
A65: 090 | B65: GUÍA DIRECCIONAL DELANTEROA GN125 | C65: 2026-09-18 | D65: Entrada | E65: 25 | H65: Administrador del Sistema | I65: 25
A66: 090 | B66: GUÍA DIRECCIONAL DELANTEROA GN125 | C66: 2026-09-19 | D66: Salida | E66: 2 | F66: Coor Mayorga/Tecnico Toala | G66: Corvinero | H66: Administrador del Sistema | I66: 23
A67: 090 | B67: GUÍA DIRECCIONAL DELANTEROA GN125 | C67: 2026-09-24 | D67: Salida | E67: 6 | F67: Coordinador Ronald Mayorga | G67: Cachugran | H67: Bodega Durán | I67: 17
A68: 089 | B68: GUÍA DIRECCIONAL POSTERIOR GN125 | C68: 2026-09-19 | D68: Entrada | E68: 43 | G68: 431 | H68: Administrador del Sistema | I68: 43
A69: 0110 | B69: INSTALACIÓN ELÉCTRICA | C69: 2026-09-19 | D69: Entrada | E69: 15 | G69: 431 | H69: Administrador del Sistema | I69: 15
A70: 044 | B70: JUEGO DE EMPAQUE | C70: 2026-09-19 | D70: Entrada | E70: 23 | H70: Administrador del Sistema | I70: 23
A71: 044 | B71: JUEGO DE EMPAQUE | C71: 2026-09-19 | D71: Salida | E71: 1 | F71: Coor Mayorga/Tecnico Toala | G71: Corvinero | H71: Administrador del Sistema | I71: 22
A72: 044 | B72: JUEGO DE EMPAQUE | C72: 2026-09-26 | D72: Salida | E72: 5 | F72: Coordinador Bone | G72: Taura c | H72: Bodega Durán | I72: 17
A73: 091 | B73: KIT DE PISTÓN GN125 | C73: 2026-09-19 | D73: Entrada | E73: 10 | G73: 731 | H73: Administrador del Sistema | I73: 10
A74: 091 | B74: KIT DE PISTÓN GN125 | C74: 2026-09-22 | D74: Entrada | E74: 15 | F74: colon moto | G74: 371 | H74: Administrador del Sistema | I74: 25
A75: 001 | B75: LLANTAS DELANTERAS | C75: 2026-09-19 | D75: Entrada | E75: 11 | H75: Administrador del Sistema | I75: 11
A76: 002 | B76: LLANTAS TRASERAS | C76: 2026-09-19 | D76: Entrada | E76: 10 | H76: Administrador del Sistema | I76: 10
A77: 056 | B77: MANIJA DE EMBRAGUE | C77: 2026-09-19 | D77: Entrada | E77: 34 | G77: 371 | H77: Administrador del Sistema | I77: 34
A78: 093 | B78: MAYA PARA MONTURA | C78: 2026-09-19 | D78: Entrada | E78: 50 | G78: 371 | H78: Administrador del Sistema | I78: 50
A79: 016 | B79: MONTURAS | C79: 2026-09-19 | D79: Entrada | E79: 9 | H79: Administrador del Sistema | I79: 9
A80: 060 | B80: MORDAZA | C80: 2026-09-19 | D80: Entrada | E80: 40 | G80: 371 | H80: Administrador del Sistema | I80: 40
A81: 043 | B81: MOTOR DE ARRANQUE | C81: 2026-09-19 | D81: Entrada | E81: 3 | H81: Administrador del Sistema | I81: 3
A82: 024 | B82: PASE DE GASOLINA | C82: 2026-09-19 | D82: Entrada | E82: 17 | H82: Administrador del Sistema | I82: 17
A83: 095 | B83: PATA DE APOYO | C83: 2026-09-19 | D83: Entrada | E83: 30 | G83: 731 | H83: Administrador del Sistema | I83: 30
A84: 095 | B84: PATA DE APOYO | C84: 2026-09-19 | D84: Entrada | E84: 6 | G84: bodega | H84: Administrador del Sistema | I84: 36
A85: 030 | B85: PATA DE CAMBIO | C85: 2026-09-19 | D85: Entrada | E85: 50 | G85: 731 | H85: Administrador del Sistema | I85: 50
A86: 096 | B86: PERNO DE CATALINA | C86: 2026-09-19 | D86: Salida | E86: 3 | F86: Coor Mayorga/Tecnico Toala | G86: Corvinero | H86: Administrador del Sistema | I86: -3
A87: 096 | B87: PERNO DE CATALINA | C87: 2026-09-19 | D87: Entrada | E87: 92 | G87: 371 | H87: Administrador del Sistema | I87: 89
A88: 096 | B88: PERNO DE CATALINA | C88: 2026-09-22 | D88: Entrada | E88: 1 | F88: colon moto | G88: 371 | H88: Administrador del Sistema | I88: 90
A89: 019 | B89: PIÑON DE MOTRIZ | C89: 2026-09-19 | D89: Salida | E89: 3 | F89: Coor Mayorga/Tecnico Toala | G89: Corvinero | H89: Administrador del Sistema | I89: -3
A90: 019 | B90: PIÑON DE MOTRIZ | C90: 2026-09-19 | D90: Entrada | E90: 73 | F90: 371 | H90: Administrador del Sistema | I90: 70
A91: 019 | B91: PIÑON DE MOTRIZ | C91: 2026-09-19 | D91: Entrada | E91: 73 | G91: 371 | H91: Administrador del Sistema | I91: 143
A92: 019 | B92: PIÑON DE MOTRIZ | C92: 2026-09-22 | D92: Entrada | E92: 5 | F92: colon moto | G92: 371 | H92: Administrador del Sistema | I92: 148
A93: 098 | B93: PIÑON DE VELOCÍMETRO | C93: 2026-09-19 | D93: Entrada | E93: 40 | G93: 371 | H93: Administrador del Sistema | I93: 40
A94: 0114 | B94: PISTA DE TIMÓN GN125 CON RULIMAN | C94: 2026-09-18 | D94: Entrada | E94: 74 | H94: Administrador del Sistema | I94: 74
A95: 0114 | B95: PISTA DE TIMÓN GN125 CON RULIMAN | C95: 2026-09-19 | D95: Salida | E95: 4 | F95: Coor Mayorga/Tecnico Toala | G95: Corvinero | H95: Administrador del Sistema | I95: 70
A96: 01101 | B96: PITO 12V PEQUEÑO | C96: 2026-09-19 | D96: Entrada | E96: 40 | H96: Administrador del Sistema | I96: 40
A97: 099 | B97: PORTA CATALINA | C97: 2026-09-19 | D97: Entrada | E97: 40 | G97: 371 | H97: Administrador del Sistema | I97: 40
A98: 0100 | B98: PORTA ZAPATA | C98: 2026-09-19 | D98: Entrada | E98: 15 | G98: 431 | H98: Administrador del Sistema | I98: 15
A99: 9MQ8606S50393 | B99: producto de prueba borra | C99: 2026-09-29 | D99: Entrada | E99: 1 | F99: Conteo físico | H99: Administrador del Sistema | I99: 1
A100: 7862110202551 | B100: producto de prueba crema | C100: 2026-09-29 | D100: Entrada | E100: 5 | F100: Conteo físico | H100: Administrador del Sistema | I100: 5
...
